ENTRY_TIME,EXIT_TIME,VEHICLE_ID,GATE_NO
2024-05-30 23:01:01,2024-05-30 23:02:43,UP85BN9181,1
2024-05-30 22:13:48,2024-05-30 06:34:12,WB34AZ7728,1
2024-05-30 22:13:18,NULL,AP07CL4748,1
2024-05-30 22:10:50,2024-05-30 06:04:45,24BH7916B,1
2024-05-30 22:10:14,NULL,C33AA2513,1
2024-05-30 22:08:14,NULL,OD02BT2917,1
2024-05-30 22:08:00,2024-05-30 06:28:35,OD02BS8632,1
2024-05-30 22:07:27,2024-05-30 06:31:28,OD05AG9533,1
2024-05-30 22:06:45,NULL,CG07AT6083,1
2024-05-30 22:06:02,2024-05-30 06:21:19,23BH3871F,1
2024-05-30 22:05:12,NULL,23BH5468B,1
2024-05-30 22:04:48,2024-05-30 06:51:37,HR29AQ3388,1
2024-05-30 22:04:18,2024-05-30 06:32:56,WB36J2572,1
2024-05-30 22:04:05,2024-05-30 06:26:40,OD33Y0385,1
2024-05-30 22:03:33,NULL,OD02AP14Z6,1
2024-05-30 22:03:19,NULL,HR06AX6060,1
2024-05-30 22:03:06,2024-05-30 06:06:48,23BH8398A,1
2024-05-30 22:02:51,NULL,UP85T7365,1
2024-05-30 22:02:00,2024-05-30 14:14:17,OD02BX0502,1
2024-05-30 22:01:04,2024-05-30 06:37:18,OD02BE4793,1
2024-05-30 21:59:35,2024-05-30 06:37:38,AS23H8882,1
2024-05-30 21:58:20,2024-05-30 14:11:59,22BH4251E,1
2024-05-30 21:57:55,2024-05-30 06:27:44,OD02AD8860,1
2024-05-30 21:57:36,NULL,AS01BM9024,1
2024-05-30 21:56:34,NULL,WB80N2898,1
2024-05-30 21:56:31,NULL,OD05X1982,1
2024-05-30 21:55:35,2024-05-30 06:09:36,HR06AA5711,1
2024-05-30 21:55:33,2024-05-30 06:20:58,OD02Z7587,1
2024-05-30 21:55:30,2024-05-30 14:36:22,OD02N0081,1
2024-05-30 21:54:51,2024-05-30 21:45:10,OD05AQ9252,1
2024-05-30 21:54:15,NULL,OD02X9973,1
2024-05-30 21:54:06,NULL,OD2AW6632,1
2024-05-30 21:53:57,NULL,OD01AG4776,1
2024-05-30 21:53:43,NULL,OD05AV725,1
2024-05-30 21:51:42,2024-05-30 20:49:35,OD05AR1291,1
2024-05-30 21:51:02,2024-05-30 06:29:41,HR06AE0492,1
2024-05-30 21:50:34,NULL,23BH3155A,1
2024-05-30 21:49:39,2024-05-30 06:31:17,HR06AM2590,1
2024-05-30 21:49:28,NULL,22BH8205F,1
2024-05-30 21:48:56,2024-05-30 06:23:30,OD02Q0777,1
2024-05-30 21:48:05,NULL,OD336453C,1
2024-05-30 21:46:58,NULL,ODL21E5438,1
2024-05-30 21:46:41,NULL,23BH4781A,1
2024-05-30 21:38:36,2024-05-30 23:01:36,OD33AL8500,1
2024-05-30 21:27:30,2024-05-30 21:04:43,OD05A03225,1
2024-05-30 20:46:10,NULL,386DD02BN74,1
2024-05-30 20:46:09,2024-05-30 11:04:50,OD02BW7386,1
2024-05-30 20:43:39,NULL,OD05A0927,1
2024-05-30 20:43:39,NULL,UA05AO9274,1
2024-05-30 20:43:29,2024-05-30 19:55:32,OD05AP2369,1
2024-05-30 19:17:52,NULL,OD3309082,1
2024-05-30 19:08:29,NULL,DN05AT3337,1
2024-05-30 18:55:39,2024-05-30 22:24:53,OD0101777,1
2024-05-30 18:40:17,NULL,OD05BP642,1
2024-05-30 18:39:21,2024-05-30 16:28:39,OD0404722,1
2024-05-30 18:38:35,NULL,OD02AU6835,1
2024-05-30 18:35:16,NULL,OD05W38155,1
2024-05-30 18:28:44,NULL,OD05A09274,1
2024-05-30 18:13:00,2024-05-30 17:59:19,OD05BH1374,1
2024-05-30 18:09:43,NULL,C0D21M8119,1
2024-05-30 18:04:17,NULL,22BH9242E,1
2024-05-30 18:02:49,NULL,24BH83291,1
2024-05-30 17:55:08,NULL,970DD5BM777,1
2024-05-30 17:42:58,2024-05-30 16:53:30,OD29K9201,1
2024-05-30 17:35:36,2024-05-30 09:21:13,OD2108011,1
2024-05-30 17:32:56,2024-05-30 18:28:48,AP37TF2997,1
2024-05-30 17:32:08,NULL,WB410K944,1
2024-05-30 17:32:08,NULL,HR41K1944,1
2024-05-30 17:32:07,NULL,MZ41K1944,1
2024-05-30 17:30:18,NULL,UP53FT4117,1
2024-05-30 17:18:08,2024-05-30 17:31:18,OR02AL7272,1
2024-05-30 17:13:10,NULL,OD054E6520,1
2024-05-30 17:01:44,2024-05-30 17:04:55,OR05AP1745,1
2024-05-30 17:01:15,NULL,OD0D05812,1
2024-05-30 17:01:06,NULL,OD11T1841,1
2024-05-30 16:58:02,NULL,OD02BU725,1
2024-05-30 16:53:48,NULL,MH43CE0203,1
2024-05-30 16:44:42,NULL,O004Q4735,1
2024-05-30 16:44:40,2024-05-30 19:49:08,OD0404725,1
2024-05-30 16:28:48,2024-05-30 19:43:28,OD04Q4797,1
2024-05-30 16:26:58,2024-05-30 17:46:08,OD02CM8811,1
2024-05-30 16:25:37,2024-05-30 19:27:04,OD05AY8464,1
2024-05-30 16:21:30,2024-05-30 21:37:44,OD05A09234,1
2024-05-30 16:20:14,2024-05-30 18:13:09,OD02BH0723,1
2024-05-30 16:15:41,NULL,OR05A5214,1
2024-05-30 16:11:26,NULL,MHNL01AMU53,1
2024-05-30 16:11:25,2024-05-30 17:42:44,NL01AH0599,1
2024-05-30 16:08:27,2024-05-30 17:25:25,OD05Y4903,1
2024-05-30 15:54:27,NULL,OD05AN8295,1
2024-05-30 15:52:19,NULL,OD04M7123,1
2024-05-30 15:51:11,NULL,MH31BY6132,1
2024-05-30 15:48:30,2024-05-30 12:40:04,OD21M4460,1
2024-05-30 15:39:15,2024-05-30 16:18:14,OD02BC5210,1
2024-05-30 15:39:04,2024-05-30 18:20:02,OD33S7099,1
2024-05-30 15:38:32,NULL,OD21P1452,1
2024-05-30 15:37:53,NULL,OD0D05816,1
2024-05-30 15:34:10,NULL,D05BE83447,1
2024-05-30 15:34:07,2024-05-30 17:27:51,OD05BE8344,1
2024-05-30 15:32:28,2024-05-30 16:40:43,OR02BL6460,1
2024-05-30 15:29:19,NULL,O02BT3900,1
2024-05-30 15:23:13,NULL,OD04S3719,1
2024-05-30 15:21:25,NULL,OD19S9969,1
2024-05-30 15:19:28,2024-05-30 16:09:18,OD05BF9274,1
2024-05-30 15:17:03,2024-05-30 18:21:29,OD21M7848,1
2024-05-30 15:15:49,2024-05-30 18:45:44,OD05BT5159,1
2024-05-30 15:15:36,2024-05-30 14:32:54,OD05BB2247,1
2024-05-30 15:08:56,NULL,OD21B9579,1
2024-05-30 15:07:25,NULL,OD02L3022,1
2024-05-30 15:04:23,NULL,OD05AC8299,1
2024-05-30 14:59:26,2024-05-30 17:11:47,OD05AR1279,1
2024-05-30 14:59:23,2024-05-30 23:23:29,OD02BW7316,1
2024-05-30 14:56:24,2024-05-30 17:02:33,24BH0685C,1
2024-05-30 14:50:59,2024-05-30 12:11:10,WB11E1694,1
2024-05-30 14:48:34,2024-05-30 15:05:36,23BH5466J,1
2024-05-30 14:48:12,NULL,D05AY8464,1
2024-05-30 14:45:21,NULL,UA33P9695,1
2024-05-30 14:43:41,NULL,OD34H8910,1
2024-05-30 14:43:19,2024-05-30 15:25:59,OD02CP1908,1
2024-05-30 14:40:49,2024-05-30 14:48:45,OD35B6302,1
2024-05-30 14:38:53,NULL,OD05AU7578,1
2024-05-30 14:37:46,NULL,M21BH7834A,1
2024-05-30 14:36:14,NULL,OD02B0923,1
2024-05-30 14:33:46,2024-05-30 13:36:39,DL12CR0710,1
2024-05-30 14:32:45,2024-05-30 17:03:10,OD02BR9127,1
2024-05-30 14:32:26,NULL,90D02BD8439,1
2024-05-30 14:32:06,NULL,OD02BH738H,1
2024-05-30 14:31:55,2024-05-30 17:28:42,GJ06PB1279,1
2024-05-30 14:31:20,2024-05-30 12:42:22,HR06AB3565,1
2024-05-30 14:31:18,2024-05-30 19:39:27,22BH7342D,1
2024-05-30 14:29:09,NULL,OD10404707,1
2024-05-30 14:28:16,NULL,OD02F8673,1
2024-05-30 14:28:06,2024-05-30 15:47:13,UP78EN2539,1
2024-05-30 14:25:30,NULL,O005L6373,1
2024-05-30 14:23:13,2024-05-30 18:22:31,OD02BH7374,1
2024-05-30 14:22:33,NULL,228H8316C,1
2024-05-30 14:22:27,NULL,UP16CN8209,1
2024-05-30 14:22:17,2024-05-30 19:13:10,GJ06JE7627,1
2024-05-30 14:22:00,NULL,KA06H1046,1
2024-05-30 14:20:04,2024-05-30 17:10:25,WB30X9770,1
2024-05-30 14:19:45,2024-05-30 17:22:18,AP28DG3116,1
2024-05-30 14:19:29,2024-05-30 17:57:34,WB06H0473,1
2024-05-30 14:18:13,2024-05-30 18:32:44,24BH2537D,1
2024-05-30 14:15:43,2024-05-30 18:21:38,23BH5726A,1
2024-05-30 14:13:48,2024-05-30 18:34:09,OD01P6969,1
2024-05-30 14:12:19,2024-05-30 13:16:59,GJ6DB8428,1
2024-05-30 14:11:36,2024-05-30 11:49:07,OD30E3018,1
2024-05-30 14:10:06,2024-05-30 06:23:15,RJ02CA3638,1
2024-05-30 14:09:40,NULL,96680D02N2,1
2024-05-30 14:09:16,2024-05-30 22:09:55,OD02AJ4863,1
2024-05-30 14:08:48,2024-05-30 22:16:26,23BH6286B,1
2024-05-30 14:08:20,NULL,OD21F6431,1
2024-05-30 14:06:33,2024-05-30 22:25:04,HR06AV3315,1
2024-05-30 14:06:29,NULL,HR06AD6946,1
2024-05-30 14:06:27,2024-05-30 13:59:09,OD02CC4865,1
2024-05-30 14:06:12,NULL,OD05AH0858,1
2024-05-30 14:06:07,2024-05-30 19:38:51,WB30X2610,1
2024-05-30 14:05:54,NULL,HR06AN2266,1
2024-05-30 14:05:38,2024-05-30 06:44:11,WB30AD6684,1
2024-05-30 14:04:57,2024-05-30 22:40:52,WB30X7993,1
2024-05-30 14:04:12,2024-05-30 19:11:58,OD33G4530,1
2024-05-30 14:04:09,2024-05-30 22:14:59,OD02BG0309,1
2024-05-30 14:03:26,2024-05-30 13:10:16,22BH4186A,1
2024-05-30 14:03:24,2024-05-30 22:27:33,22BH7736D,1
2024-05-30 14:03:12,2024-05-30 22:29:26,OD02BE4593,1
2024-05-30 14:02:40,2024-05-30 22:18:46,23BH6032E,1
2024-05-30 14:02:34,2024-05-30 22:27:43,23BH2696E,1
2024-05-30 14:01:51,2024-05-30 22:15:26,TN18AU8421,1
2024-05-30 14:01:46,NULL,WB30S9187,1
2024-05-30 14:01:29,2024-05-30 22:02:44,OD05AR3983,1
2024-05-30 14:01:12,NULL,HR06AM9768,1
2024-05-30 14:01:10,NULL,JH30AD6561,1
2024-05-30 14:01:05,2024-05-30 06:18:00,OD33N7021,1
2024-05-30 14:00:35,2024-05-30 22:06:03,23BH4937J,1
2024-05-30 14:00:28,2024-05-30 11:22:22,OD29J2347,1
2024-05-30 14:00:17,2024-05-30 22:30:39,OD05BA7508,1
2024-05-30 14:00:06,NULL,UP85BL6130,1
2024-05-30 13:59:52,NULL,JH6HD7427,1
2024-05-30 13:59:45,2024-05-30 22:14:13,OD02BW3226,1
2024-05-30 13:59:38,2024-05-30 06:29:04,OD02X8526,1
2024-05-30 13:59:24,2024-05-30 22:29:12,OD21J3919,1
2024-05-30 13:59:17,NULL,4360D21P5U,1
2024-05-30 13:58:42,2024-05-30 23:06:27,OD05A04898,1
2024-05-30 13:58:19,2024-05-30 22:04:48,OD05AK1569,1
2024-05-30 13:58:16,2024-05-30 22:20:48,OD05AF6562,1
2024-05-30 13:58:11,2024-05-30 06:27:48,OD02BT7066,1
2024-05-30 13:58:08,NULL,O0HR06E0507,1
2024-05-30 13:58:08,NULL,T0HR00037,1
2024-05-30 13:58:07,NULL,O0HB03007,1
2024-05-30 13:58:05,2024-05-30 22:19:09,OD02BA1552,1
2024-05-30 13:57:50,2024-05-30 06:09:11,OD05A09265,1
2024-05-30 13:57:41,2024-05-30 22:05:27,OD02AP2721,1
2024-05-30 13:57:31,NULL,OD05AE9643,1
2024-05-30 13:57:25,2024-05-30 18:26:43,HR06AK7634,1
2024-05-30 13:57:20,2024-05-30 23:16:20,24BH1587C,1
2024-05-30 13:57:03,2024-05-30 13:14:43,OD05BJ9292,1
2024-05-30 13:56:35,2024-05-30 22:10:16,OD02BT6230,1
2024-05-30 13:56:16,2024-05-30 06:08:38,OD33G6613,1
2024-05-30 13:56:07,2024-05-30 22:21:06,OD02AX9891,1
2024-05-30 13:55:48,NULL,HR06Z4939,1
2024-05-30 13:55:34,2024-05-30 22:12:11,OD02BL6482,1
2024-05-30 13:54:15,NULL,OR02AJ7385,1
2024-05-30 13:54:11,NULL,OD0571474,1
2024-05-30 13:53:34,2024-05-30 22:06:34,HR06AA9975,1
2024-05-30 13:52:42,NULL,O0028M5139,1
2024-05-30 13:51:55,NULL,OD05A0605,1
2024-05-30 13:51:52,2024-05-30 22:19:56,GJ06PA1895,1
2024-05-30 13:51:50,NULL,DL3CBD7165,1
2024-05-30 13:51:47,NULL,AS01AY4742,1
2024-05-30 13:51:43,2024-05-30 22:13:35,HR06BA4997,1
2024-05-30 13:51:08,NULL,M23BH9168G,1
2024-05-30 13:48:48,NULL,OD02B3906,1
2024-05-30 13:48:16,2024-05-30 13:35:14,OD02AM5488,1
2024-05-30 13:48:05,NULL,OD02BR3756,1
2024-05-30 13:47:28,2024-05-30 22:06:27,22BH1231F,1
2024-05-30 13:45:31,NULL,OR02BR3196,1
2024-05-30 13:41:35,2024-05-30 22:31:15,OD05AR8373,1
2024-05-30 13:40:02,NULL,OD0D05AQ44,1
2024-05-30 13:39:18,NULL,OD01AG8798,1
2024-05-30 13:38:22,NULL,OR905AL1142,1
2024-05-30 13:35:25,NULL,OD05AR1287,1
2024-05-30 13:32:44,NULL,OD05AR135A,1
2024-05-30 13:32:38,2024-05-30 11:21:22,OD21K1953,1
2024-05-30 13:32:36,NULL,OD21K7953,1
2024-05-30 13:27:13,2024-05-30 17:23:39,UP85BS9912,1
2024-05-30 13:25:01,2024-05-30 18:21:05,OD02BA2243,1
2024-05-30 13:23:55,NULL,O005V5570,1
2024-05-30 13:19:38,2024-05-30 13:02:06,OD05AR3931,1
2024-05-30 13:17:58,NULL,OD0D05BR62,1
2024-05-30 13:17:14,NULL,D02CS0529,1
2024-05-30 13:14:24,2024-05-30 15:27:57,OD33AE0036,1
2024-05-30 13:09:13,NULL,OD2106136,1
2024-05-30 13:08:51,NULL,OD02CK1269,1
2024-05-30 13:06:46,2024-05-30 15:35:45,OD05BG1878,1
2024-05-30 13:05:23,NULL,OD02BW9241,1
2024-05-30 13:04:16,NULL,O021N3810,1
2024-05-30 13:03:19,2024-05-30 17:07:34,22BH5023D,1
2024-05-30 13:03:13,2024-05-30 17:05:04,OD21K0039,1
2024-05-30 13:02:43,NULL,60D011914,1
2024-05-30 13:01:59,NULL,P57150D05AA,1
2024-05-30 13:01:21,NULL,OD01GD1914,1
2024-05-30 13:00:44,2024-05-30 18:25:59,22BH4390D,1
2024-05-30 12:55:17,NULL,OD05P33138,1
2024-05-30 12:54:46,NULL,OD21DJ388,1
2024-05-30 12:53:57,2024-05-30 14:11:34,OD02BB0737,1
2024-05-30 12:53:53,2024-05-30 17:20:22,PB13BD0557,1
2024-05-30 12:51:27,NULL,WB30K1848,1
2024-05-30 12:49:58,2024-05-30 12:41:28,OD05W4703,1
2024-05-30 12:46:26,NULL,O821E1922,1
2024-05-30 12:46:01,NULL,O0058C6525,1
2024-05-30 12:44:33,NULL,OD054J0310,1
2024-05-30 12:44:32,2024-05-30 14:53:18,OD05AJ0310,1
2024-05-30 12:44:11,NULL,OD21L7276,1
2024-05-30 12:43:25,2024-05-30 11:26:55,OD05K1147,1
2024-05-30 12:35:00,NULL,OR05AH1124,1
2024-05-30 12:34:26,2024-05-30 12:06:46,OD05BM7480,1
2024-05-30 12:30:15,2024-05-30 12:48:28,OD05BP3524,1
2024-05-30 12:28:24,2024-05-30 16:13:48,OD02BE3809,1
2024-05-30 12:28:17,2024-05-30 18:33:27,OD05BM7797,1
2024-05-30 12:28:13,2024-05-30 17:02:41,OD05BB0072,1
2024-05-30 12:28:11,NULL,OD05B80072,1
2024-05-30 12:24:20,2024-05-30 18:13:14,OD05AR1289,1
2024-05-30 12:21:23,NULL,6005417580,1
2024-05-30 12:20:32,2024-05-30 21:38:25,OD05AQ9274,1
2024-05-30 12:19:00,NULL,JH09AZ6879,1
2024-05-30 12:18:43,NULL,B2404BQ8545,1
2024-05-30 12:12:30,2024-05-30 13:15:02,OD05BM5131,1
2024-05-30 12:10:53,NULL,AP37TH2970,1
2024-05-30 12:10:15,2024-05-30 12:13:24,MH27BX8173,1
2024-05-30 12:10:04,NULL,OD058A0589,1
2024-05-30 12:09:56,NULL,OD054S5292,1
2024-05-30 12:08:00,NULL,ODDAH50791,1
2024-05-30 12:02:26,2024-05-30 16:18:02,OD05BH9114,1
2024-05-30 12:02:12,2024-05-30 22:30:23,OD21R0039,1
2024-05-30 12:01:08,2024-05-30 20:45:34,OD29L8769,1
2024-05-30 11:53:24,2024-05-30 17:55:33,OD05AT8999,1
2024-05-30 11:45:42,NULL,R41590D05A0,1
2024-05-30 11:44:07,NULL,ODD58P0866,1
2024-05-30 11:44:05,2024-05-30 18:14:06,OD05BB0866,1
2024-05-30 11:42:40,2024-05-30 13:44:52,OD21N6117,1
2024-05-30 11:41:38,2024-05-30 10:12:26,OD05AF4814,1
2024-05-30 11:40:20,2024-05-30 17:51:58,OD05BB6736,1
2024-05-30 11:39:12,2024-05-30 18:57:19,OD02BM0036,1
2024-05-30 11:38:55,NULL,OD02BV1126,1
2024-05-30 11:38:11,2024-05-30 12:43:30,OD04T1149,1
2024-05-30 11:36:54,NULL,OD05D01947,1
2024-05-30 11:36:52,2024-05-30 18:49:14,OD05D0194,1
2024-05-30 11:35:42,2024-05-30 18:15:04,OD21N7015,1
2024-05-30 11:33:31,2024-05-30 19:51:53,OD05BM3967,1
2024-05-30 11:31:25,2024-05-30 17:55:44,OD21E3287,1
2024-05-30 11:29:50,2024-05-30 20:08:11,OD05BN4955,1
2024-05-30 11:29:38,2024-05-30 18:43:50,OD02BV1161,1
2024-05-30 11:26:49,2024-05-30 17:56:52,OD21M7248,1
2024-05-30 11:26:25,NULL,RJU4GC3299,1
2024-05-30 11:24:59,2024-05-30 11:49:11,OD05BH6477,1
2024-05-30 11:21:09,2024-05-30 16:40:36,OD21J3339,1
2024-05-30 11:19:58,NULL,OD22R3234,1
2024-05-30 11:19:31,NULL,71724DD05A,1
2024-05-30 11:19:30,NULL,ODD5AU1724,1
2024-05-30 11:13:55,NULL,OD05BF804,1
2024-05-30 11:11:56,2024-05-30 19:15:00,OD02B01284,1
2024-05-30 11:11:48,NULL,ODD5AP2111,1
2024-05-30 11:11:44,NULL,OD05AF2131,1
2024-05-30 11:11:06,2024-05-30 13:35:48,23BH6674F,1
2024-05-30 11:10:39,2024-05-30 11:47:40,HR06AG3507,1
2024-05-30 11:08:31,NULL,OR07J1513,1
2024-05-30 11:07:59,NULL,OD146E4866,1
2024-05-30 11:05:21,2024-05-30 19:19:18,OD33AG7398,1
2024-05-30 11:02:31,2024-05-30 11:00:01,GJ18BV2001,1
2024-05-30 11:02:24,NULL,OD0D04047,1
2024-05-30 11:00:31,2024-05-30 09:23:22,OD0502677,1
2024-05-30 10:58:28,2024-05-30 15:55:48,OD05BA0292,1
2024-05-30 10:53:50,2024-05-30 12:59:02,OD33A6716,1
2024-05-30 10:51:41,NULL,UA05AX0605,1
2024-05-30 10:51:21,2024-05-30 12:22:11,OD02S4770,1
2024-05-30 10:51:05,2024-05-30 15:21:32,OD05AE6520,1
2024-05-30 10:50:52,NULL,O0D584D580,1
2024-05-30 10:50:44,NULL,OD05BD7586,1
2024-05-30 10:47:02,2024-05-30 16:09:36,OD05AJ4523,1
2024-05-30 10:46:48,2024-05-30 12:46:25,OD02R6157,1
2024-05-30 10:43:08,2024-05-30 12:58:57,OD05BA7668,1
2024-05-30 10:42:49,NULL,UA33AE0030,1
2024-05-30 10:41:40,2024-05-30 18:39:16,OD21H6540,1
2024-05-30 10:40:33,2024-05-30 19:28:52,OD02CG3906,1
2024-05-30 10:34:24,NULL,L5005AS3722,1
2024-05-30 10:34:23,NULL,OD054S3722,1
2024-05-30 10:34:20,2024-05-30 17:54:38,OD05AS3722,1
2024-05-30 10:31:03,NULL,OD05A4B235,1
2024-05-30 10:28:30,2024-05-30 13:14:50,OD02CC4924,1
2024-05-30 10:27:18,NULL,OD05A8625,1
2024-05-30 10:27:05,2024-05-30 12:54:52,OD02AE5016,1
2024-05-30 10:25:46,NULL,OD05N4622,1
2024-05-30 10:25:43,2024-05-30 10:15:06,OD05H4622,1
2024-05-30 10:24:05,NULL,OD02C0745,1
2024-05-30 10:23:17,2024-05-30 18:19:54,OD07L2517,1
2024-05-30 10:22:38,2024-05-30 18:17:59,OD07AE7399,1
2024-05-30 10:18:29,2024-05-30 10:59:36,OR04N9533,1
2024-05-30 10:17:25,2024-05-30 19:03:58,OD02CP0019,1
2024-05-30 10:17:04,2024-05-30 18:39:58,OD04N0551,1
2024-05-30 10:16:30,NULL,OR07MM1417,1
2024-05-30 10:15:50,2024-05-30 20:20:02,OD29J5305,1
2024-05-30 10:15:44,2024-05-30 18:32:58,OD05AG4717,1
2024-05-30 10:15:17,2024-05-30 19:17:11,OD05BF8436,1
2024-05-30 10:12:55,2024-05-30 18:37:13,OD05AK5596,1
2024-05-30 10:09:20,2024-05-30 21:15:47,OD05AV4557,1
2024-05-30 10:08:40,NULL,D005RH8796,1
2024-05-30 10:08:38,2024-05-30 12:32:16,OD05AH8796,1
2024-05-30 10:07:59,2024-05-30 15:05:33,OD05AR1236,1
2024-05-30 10:07:29,2024-05-30 18:08:40,OD29D1911,1
2024-05-30 10:06:03,2024-05-30 18:37:46,JH01BW5106,1
2024-05-30 10:05:30,2024-05-30 17:30:28,MH40CM3609,1
2024-05-30 10:05:00,2024-05-30 14:37:50,OD02BX2299,1
2024-05-30 09:58:12,NULL,D040DQ4797,1
2024-05-30 09:58:09,2024-05-30 11:50:54,OD0404797,1
2024-05-30 09:57:57,NULL,ODD54DF2357,1
2024-05-30 09:57:55,NULL,ODD54P235,1
2024-05-30 09:57:55,NULL,OD05A2351,1
2024-05-30 09:56:33,NULL,OD05BH6640,1
2024-05-30 09:47:24,2024-05-30 10:12:09,OD05BD5587,1
2024-05-30 09:46:59,NULL,OR01V2054,1
2024-05-30 09:45:49,2024-05-30 21:58:27,UP16AF8715,1
2024-05-30 09:44:29,2024-05-30 19:49:23,OD02BU4725,1
2024-05-30 09:43:18,2024-05-30 19:13:15,OD05AP5715,1
2024-05-30 09:42:28,NULL,OL6ST9611,1
2024-05-30 09:41:14,2024-05-30 09:31:45,OD3300920,1
2024-05-30 09:40:32,NULL,23BH6955E,1
2024-05-30 09:40:29,NULL,OD05BJ6900,1
2024-05-30 09:38:44,2024-05-30 12:51:13,OD05AP8122,1
2024-05-30 09:36:55,2024-05-30 15:32:14,OD02CS0529,1
2024-05-30 09:36:48,2024-05-30 18:04:26,OR21E1922,1
2024-05-30 09:36:04,2024-05-30 09:30:52,OD21C1144,1
2024-05-30 09:35:08,2024-05-30 17:34:14,OD05AX7263,1
2024-05-30 09:34:39,2024-05-30 11:00:37,OD05BG4288,1
2024-05-30 09:33:05,2024-05-30 13:19:32,OD05AS3899,1
2024-05-30 09:32:17,2024-05-30 17:12:04,OD05AC8779,1
2024-05-30 09:31:24,2024-05-30 09:21:57,OR05AF1570,1
2024-05-30 09:30:57,2024-05-30 18:55:29,AS23Q0524,1
2024-05-30 09:30:55,NULL,GJ06KD131,1
2024-05-30 09:30:36,2024-05-30 18:45:28,AS01EX8371,1
2024-05-30 09:30:25,NULL,O0058C652S,1
2024-05-30 09:30:24,NULL,ODGS8C6S2S,1
2024-05-30 09:30:06,2024-05-30 10:48:10,OD21M6308,1
2024-05-30 09:29:38,2024-05-30 18:03:04,22BH0856D,1
2024-05-30 09:29:29,NULL,UP85AS7660,1
2024-05-30 09:29:21,2024-05-30 18:29:23,HR05BF1463,1
2024-05-30 09:29:16,NULL,OD05AY844,1
2024-05-30 09:29:11,2024-05-30 17:25:00,JH05CG0249,1
2024-05-30 09:28:57,2024-05-30 20:12:40,22BH0170B,1
2024-05-30 09:28:35,2024-05-30 15:17:06,OD05AT0250,1
2024-05-30 09:28:13,NULL,OD33L6258,1
2024-05-30 09:28:03,2024-05-30 17:19:28,OR02BK6831,1
2024-05-30 09:27:59,2024-05-30 17:36:06,OD02CM0983,1
2024-05-30 09:27:55,2024-05-30 19:54:26,HR06AV7576,1
2024-05-30 09:27:48,2024-05-30 13:42:45,JH16F5561,1
2024-05-30 09:27:44,2024-05-30 17:19:59,JH01CS5819,1
2024-05-30 09:27:42,2024-05-30 18:15:49,GJ06JE4176,1
2024-05-30 09:27:11,2024-05-30 20:00:31,OD29H6368,1
2024-05-30 09:26:27,NULL,OD3309082L,1
2024-05-30 09:25:56,2024-05-30 17:28:33,OD02BV5814,1
2024-05-30 09:25:33,2024-05-30 19:45:49,OD02AJ1974,1
2024-05-30 09:25:05,2024-05-30 17:06:26,AS26D6311,1
2024-05-30 09:25:03,NULL,O002G6868,1
2024-05-30 09:24:44,2024-05-30 17:22:42,OD02BL6912,1
2024-05-30 09:24:34,2024-05-30 19:06:10,BR12CR0710,1
2024-05-30 09:24:14,2024-05-30 17:37:34,OD02BS9306,1
2024-05-30 09:24:08,2024-05-30 18:39:02,OD05BD2450,1
2024-05-30 09:24:04,2024-05-30 17:30:35,AS01DF6948,1
2024-05-30 09:23:30,2024-05-30 12:44:05,UP16CQ4090,1
2024-05-30 09:23:06,2024-05-30 17:24:18,AS26B6504,1
2024-05-30 09:22:19,NULL,O021M2201,1
2024-05-30 09:22:15,2024-05-30 17:27:09,AS23P5459,1
2024-05-30 09:22:13,2024-05-30 09:23:48,OD02BT9471,1
2024-05-30 09:20:57,2024-05-30 17:34:34,AS26B7700,1
2024-05-30 09:20:23,NULL,UP05AQ6290,1
2024-05-30 09:20:03,2024-05-30 11:30:21,OD33AE003G,1
2024-05-30 09:19:23,2024-05-30 19:19:41,23BH7894E,1
2024-05-30 09:19:10,2024-05-30 20:08:40,GJ06KP1929,1
2024-05-30 09:19:01,2024-05-30 17:38:57,AP35AF3298,1
2024-05-30 09:18:47,2024-05-30 16:31:27,OD05AR1294,1
2024-05-30 09:18:42,2024-05-30 21:23:09,OD02AS7781,1
2024-05-30 09:17:37,NULL,OD02B04797,1
2024-05-30 09:16:39,NULL,UP16AD72245,1
2024-05-30 09:16:37,2024-05-30 18:51:07,OD02BQ6200,1
2024-05-30 09:16:31,2024-05-30 19:11:31,23BH0517C,1
2024-05-30 09:15:26,2024-05-30 18:42:35,23BH7513F,1
2024-05-30 09:15:06,2024-05-30 19:18:20,OD33A0044,1
2024-05-30 09:15:02,2024-05-30 17:17:49,OD02AT8711,1
2024-05-30 09:14:56,2024-05-30 15:07:41,OD05BR6105,1
2024-05-30 09:14:28,2024-05-30 17:34:22,23BH6445J,1
2024-05-30 09:14:08,2024-05-30 17:22:49,OD33Z7071,1
2024-05-30 09:13:46,2024-05-30 17:49:03,24BH0170E,1
2024-05-30 09:13:21,2024-05-30 19:30:00,BR06GE1310,1
2024-05-30 09:13:11,2024-05-30 19:16:34,AS01FK7998,1
2024-05-30 09:12:56,NULL,UP78EA9900,1
2024-05-30 09:12:02,NULL,D0D05AP3629,1
2024-05-30 09:11:19,2024-05-30 19:20:08,UP16CL2981,1
2024-05-30 09:11:04,2024-05-30 17:11:06,HR06AA1702,1
2024-05-30 09:11:01,NULL,OD05AH8295,1
2024-05-30 09:10:38,2024-05-30 21:28:49,OD05BM3992,1
2024-05-30 09:10:30,2024-05-30 20:17:56,GJ06PE7029,1
2024-05-30 09:07:53,2024-05-30 17:13:16,OD33R0531,1
2024-05-30 09:06:04,2024-05-30 20:16:25,OD02BT3906,1
2024-05-30 09:05:57,2024-05-30 18:27:27,HR06AH8808,1
2024-05-30 09:05:46,2024-05-30 17:47:05,OD05BB1583,1
2024-05-30 09:05:36,2024-05-30 17:16:31,WB30J3682,1
2024-05-30 09:05:33,NULL,OR02BW8595,1
2024-05-30 09:05:31,2024-05-30 17:09:18,UP16BK7012,1
2024-05-30 09:04:53,2024-05-30 20:23:49,OR21C4377,1
2024-05-30 09:04:51,NULL,MP81DL6638,1
2024-05-30 09:03:57,2024-05-30 11:34:46,OD05BG4222,1
2024-05-30 09:03:16,2024-05-30 17:10:41,OD09J0700,1
2024-05-30 09:02:35,NULL,B51920D05A1,1
2024-05-30 09:02:34,2024-05-30 19:03:08,OD05AB5192,1
2024-05-30 09:02:26,2024-05-30 09:44:16,C0D05W38155,1
2024-05-30 09:02:17,NULL,OD27P5436,1
2024-05-30 09:02:02,2024-05-30 16:44:38,OR05479091,1
2024-05-30 09:01:49,2024-05-30 16:44:36,OR05AT9091,1
2024-05-30 09:01:42,2024-05-30 18:30:06,UP14DX4503,1
2024-05-30 09:00:54,2024-05-30 19:23:57,OD21E1559,1
2024-05-30 09:00:52,2024-05-30 18:43:42,23BH3849J,1
2024-05-30 09:00:24,2024-05-30 17:48:49,HR06AT1317,1
2024-05-30 09:00:01,2024-05-30 15:05:50,OD05Q2677,1
2024-05-30 08:59:29,2024-05-30 16:36:29,OD02BC3052,1
2024-05-30 08:59:27,NULL,OD505Q6162,1
2024-05-30 08:58:37,2024-05-30 17:03:06,OD05L6373,1
2024-05-30 08:58:32,2024-05-30 18:26:57,OD05BC1168,1
2024-05-30 08:58:28,2024-05-30 19:08:54,OD02BL7311,1
2024-05-30 08:57:25,2024-05-30 18:56:50,OD05A05609,1
2024-05-30 08:57:04,2024-05-30 18:37:54,OD05BR3618,1
2024-05-30 08:56:47,2024-05-30 12:02:48,OD33U1645,1
2024-05-30 08:56:29,2024-05-30 09:42:27,OD02CN6178,1
2024-05-30 08:55:47,2024-05-30 17:19:18,OD05AV3249,1
2024-05-30 08:54:34,2024-05-30 17:25:58,OD05BN6640,1
2024-05-30 08:54:29,NULL,OD921M6389,1
2024-05-30 08:54:19,2024-05-30 18:09:20,RJ38CA1970,1
2024-05-30 08:53:22,NULL,OD05AKC629,1
2024-05-30 08:53:20,2024-05-30 22:33:56,OD05AK0629,1
2024-05-30 08:51:37,NULL,OD33H4174,1
2024-05-30 08:50:07,2024-05-30 20:25:16,OD05BF8047,1
2024-05-30 08:49:09,2024-05-30 18:31:04,WB29B6618,1
2024-05-30 08:48:38,2024-05-30 19:15:13,OD02BG9982,1
2024-05-30 08:48:06,NULL,OD02BAA725,1
2024-05-30 08:46:47,2024-05-30 19:49:49,HR06BA4199,1
2024-05-30 08:46:42,2024-05-30 17:42:30,OD05BC2455,1
2024-05-30 08:46:41,NULL,OD33B3852,1
2024-05-30 08:45:59,NULL,OU02R9668,1
2024-05-30 08:45:56,2024-05-30 21:13:45,OD02N9668,1
2024-05-30 08:45:44,2024-05-30 19:58:58,OD21P5062,1
2024-05-30 08:44:58,NULL,OD01G1914,1
2024-05-30 08:42:40,2024-05-30 09:54:29,OD05BM1164,1
2024-05-30 08:41:59,2024-05-30 19:29:02,OD0502977,1
2024-05-30 08:41:42,2024-05-30 18:55:20,OD02BD4174,1
2024-05-30 08:41:39,2024-05-30 18:55:41,OD05AA4090,1
2024-05-30 08:40:50,2024-05-30 17:46:19,22BH1137D,1
2024-05-30 08:40:46,NULL,OD21P9AA2,1
2024-05-30 08:39:48,2024-05-30 19:35:31,23BH8085B,1
2024-05-30 08:39:32,2024-05-30 19:44:13,OR21E3595,1
2024-05-30 08:38:59,2024-05-30 17:11:34,OD05AL1580,1
2024-05-30 08:38:19,2024-05-30 18:15:56,OD33P5387,1
2024-05-30 08:38:10,2024-05-30 19:50:12,OD33AK3500,1
2024-05-30 08:37:32,2024-05-30 17:29:41,OD14Z9229,1
2024-05-30 08:37:20,2024-05-30 20:11:26,OD05BJ8811,1
2024-05-30 08:37:11,NULL,OR02BS717,1
2024-05-30 08:37:08,NULL,OD05AP4950,1
2024-05-30 08:36:31,2024-05-30 18:36:50,OD05BP6405,1
2024-05-30 08:35:02,2024-05-30 15:26:26,OD05BG0950,1
2024-05-30 08:33:53,2024-05-30 18:23:35,22BH1501C,1
2024-05-30 08:33:51,NULL,OD05BG5586,1
2024-05-30 08:33:37,2024-05-30 18:42:09,22BH9838D,1
2024-05-30 08:33:15,NULL,OD0D05BF394,1
2024-05-30 08:33:14,2024-05-30 20:19:08,OD05BF3986,1
2024-05-30 08:33:02,2024-05-30 20:34:34,OR05Y5175,1
2024-05-30 08:32:07,2024-05-30 17:54:50,OR04D9425,1
2024-05-30 08:32:02,2024-05-30 20:50:16,OD05AT8338,1
2024-05-30 08:31:45,2024-05-30 17:35:02,OR02BE3532,1
2024-05-30 08:31:19,2024-05-30 18:56:53,OD21C2917,1
2024-05-30 08:30:41,2024-05-30 18:59:08,OD05BD3676,1
2024-05-30 08:30:28,NULL,OD02CF116,1
2024-05-30 08:30:25,2024-05-30 12:40:19,OD21C5725,1
2024-05-30 08:29:53,2024-05-30 18:57:25,OD05BM7199,1
2024-05-30 08:29:50,2024-05-30 17:04:51,OD05BG4331,1
2024-05-30 08:29:31,2024-05-30 08:17:18,OD05BF8148,1
2024-05-30 08:29:24,2024-05-30 18:02:08,OD05BQ2602,1
2024-05-30 08:28:42,NULL,OD05AS6095,1
2024-05-30 08:28:24,NULL,50D04E0186,1
2024-05-30 08:28:06,NULL,OD0817667,1
2024-05-30 08:28:03,2024-05-30 19:46:55,OD08L7661,1
2024-05-30 08:27:27,2024-05-30 06:40:59,OD05BC7808,1
2024-05-30 08:26:51,NULL,O0058E3310,1
2024-05-30 08:26:26,NULL,OD21C8635,1
2024-05-30 08:26:11,2024-05-30 17:48:55,OD04B8884,1
2024-05-30 08:26:09,2024-05-30 21:02:28,OD02BW1327,1
2024-05-30 08:25:58,2024-05-30 11:23:18,OD33D2176,1
2024-05-30 08:25:25,2024-05-30 11:18:41,OD33AF5496,1
2024-05-30 08:25:07,2024-05-30 18:23:46,OD21K1245,1
2024-05-30 08:24:49,2024-05-30 10:14:20,OD05BJ2602,1
2024-05-30 08:24:18,2024-05-30 19:48:58,OD05BN1602,1
2024-05-30 08:23:58,2024-05-30 19:32:10,OD02BF3692,1
2024-05-30 08:23:48,NULL,OD02CH3679,1
2024-05-30 08:23:45,2024-05-30 19:19:15,OD05BP6427,1
2024-05-30 08:23:41,2024-05-30 17:32:40,OD21Q8011,1
2024-05-30 08:23:35,2024-05-30 12:53:16,OD05P2402,1
2024-05-30 08:23:01,2024-05-30 17:55:36,23BH8196H,1
2024-05-30 08:22:08,2024-05-30 21:14:28,OR21D7755,1
2024-05-30 08:21:47,2024-05-30 18:12:02,OD02CG0906,1
2024-05-30 08:21:44,NULL,O005A03857,1
2024-05-30 08:21:19,2024-05-30 10:47:18,OD05BB3088,1
2024-05-30 08:20:47,2024-05-30 15:41:08,OD05B04177,1
2024-05-30 08:20:32,2024-05-30 17:06:12,OD02BC9495,1
2024-05-30 08:19:51,2024-05-30 19:50:01,OD02U3500,1
2024-05-30 08:19:21,2024-05-30 18:54:27,OD05BM2602,1
2024-05-30 08:19:13,2024-05-30 19:39:32,OD29L4091,1
2024-05-30 08:18:13,2024-05-30 18:07:06,OD05W4622,1
2024-05-30 08:18:00,2024-05-30 23:14:47,OD33AH9201,1
2024-05-30 08:17:50,NULL,OD29H3558,1
2024-05-30 08:17:41,NULL,ODL6SCAG3S1,1
2024-05-30 08:17:29,2024-05-30 13:15:48,OD05AP5849,1
2024-05-30 08:17:13,NULL,OD35E6361,1
2024-05-30 08:17:02,2024-05-30 18:16:18,OD21D6121,1
2024-05-30 08:16:59,NULL,OD254R4159,1
2024-05-30 08:16:58,NULL,41590D05AR0,1
2024-05-30 08:16:53,2024-05-30 21:16:25,OD33AD8811,1
2024-05-30 08:16:51,NULL,ORC28P784,1
2024-05-30 08:16:48,2024-05-30 12:28:59,OR02BV1847,1
2024-05-30 08:16:42,2024-05-30 20:23:00,OD05BK8179,1
2024-05-30 08:16:24,2024-05-30 19:13:18,OD02AE9562,1
2024-05-30 08:16:19,2024-05-30 17:55:08,OD02Y0270,1
2024-05-30 08:16:11,2024-05-30 13:13:16,OD02CS0597,1
2024-05-30 08:16:07,2024-05-30 16:47:58,OD05BH2546,1
2024-05-30 08:15:58,2024-05-30 20:49:32,OD21P5436,1
2024-05-30 08:15:52,2024-05-30 18:20:05,OD02T9175,1
2024-05-30 08:15:47,2024-05-30 20:26:13,OD05BA0589,1
2024-05-30 08:15:33,2024-05-30 14:21:56,OD21P4647,1
2024-05-30 08:15:24,2024-05-30 19:33:47,OD05BF4583,1
2024-05-30 08:15:13,2024-05-30 17:52:34,24BH7247C,1
2024-05-30 08:14:57,NULL,DL13CA6974,1
2024-05-30 08:14:54,NULL,OR02AT6424,1
2024-05-30 08:14:49,2024-05-30 18:03:02,22BH0469C,1
2024-05-30 08:14:33,2024-05-30 17:46:04,OD05AR0565,1
2024-05-30 08:14:31,2024-05-30 18:57:11,UP85BV1354,1
2024-05-30 08:14:17,2024-05-30 17:52:29,23BH6682J,1
2024-05-30 08:14:13,2024-05-30 19:06:17,HR06AD6623,1
2024-05-30 08:14:11,2024-05-30 17:59:07,OD02BD8439,1
2024-05-30 08:14:09,2024-05-30 17:54:00,OD05AC9667,1
2024-05-30 08:14:06,2024-05-30 18:47:38,GJ06KD0334,1
2024-05-30 08:14:03,2024-05-30 11:34:27,OD02BL2617,1
2024-05-30 08:14:01,2024-05-30 18:34:36,GJ06LK3496,1
2024-05-30 08:14:00,NULL,ODH75A7733,1
2024-05-30 08:13:55,2024-05-30 12:23:48,OD33S6956,1
2024-05-30 08:13:54,2024-05-30 16:58:14,22BH7677A,1
2024-05-30 08:13:50,2024-05-30 18:11:41,JH10BQ3408,1
2024-05-30 08:13:46,2024-05-30 17:33:37,UP85BA1722,1
2024-05-30 08:13:37,2024-05-30 18:57:55,JH07DS5946,1
2024-05-30 08:13:33,2024-05-30 20:04:46,WB30S7686,1
2024-05-30 08:13:31,2024-05-30 18:23:38,HR06X0977,1
2024-05-30 08:13:15,NULL,OD05AC6616,1
2024-05-30 08:13:13,NULL,OD2137836,1
2024-05-30 08:13:05,2024-05-30 17:10:43,23BH8666M,1
2024-05-30 08:13:03,2024-05-30 18:28:54,UP16CD5580,1
2024-05-30 08:13:00,2024-05-30 17:43:58,OD02K5805,1
2024-05-30 08:12:58,2024-05-30 12:39:26,OD02AR6620,1
2024-05-30 08:12:55,2024-05-30 22:25:50,GJ06LB8134,1
2024-05-30 08:12:52,2024-05-30 19:58:19,OD02BS0995,1
2024-05-30 08:12:51,2024-05-30 17:19:46,OD02B6427,1
2024-05-30 08:12:48,2024-05-30 18:45:19,HR06AV8230,1
2024-05-30 08:12:44,2024-05-30 17:06:22,OD02BL7409,1
2024-05-30 08:12:40,2024-05-30 17:34:06,WB26BE2674,1
2024-05-30 08:12:38,2024-05-30 17:36:56,OD02BL1571,1
2024-05-30 08:12:35,2024-05-30 17:51:10,OD05J8514,1
2024-05-30 08:12:33,2024-05-30 17:55:06,WB10A1813,1
2024-05-30 08:12:31,2024-05-30 18:46:07,OD02BS4357,1
2024-05-30 08:12:28,NULL,AP87BK5029,1
2024-05-30 08:12:27,NULL,BR09AH2770,1
2024-05-30 08:12:23,2024-05-30 17:12:11,HR06AN2863,1
2024-05-30 08:12:20,NULL,OR05AM7407,1
2024-05-30 08:12:18,2024-05-30 12:52:09,UP85AW0277,1
2024-05-30 08:12:15,2024-05-30 18:38:40,22BH9743B,1
2024-05-30 08:12:09,2024-05-30 17:21:42,OD05BN0158,1
2024-05-30 08:12:08,2024-05-30 13:11:22,GJ06F04914,1
2024-05-30 08:12:03,2024-05-30 17:53:00,HR06AW8541,1
2024-05-30 08:12:02,2024-05-30 17:18:43,AP30AG6425,1
2024-05-30 08:12:00,2024-05-30 17:48:46,UP85BD2967,1
2024-05-30 08:11:57,2024-05-30 19:21:34,OD02BV6732,1
2024-05-30 08:11:54,NULL,HR57BX7641,1
2024-05-30 08:11:50,2024-05-30 19:35:46,OD02AW7667,1
2024-05-30 08:11:48,2024-05-30 18:47:31,HR06Z9783,1
2024-05-30 08:11:45,NULL,GJ06DB1154,1
2024-05-30 08:11:43,2024-05-30 20:15:22,23BH9485L,1
2024-05-30 08:11:41,2024-05-30 17:14:12,OD05U9767P,1
2024-05-30 08:11:39,2024-05-30 17:20:43,HR06AW6788,1
2024-05-30 08:11:35,NULL,OD02AW1607,1
2024-05-30 08:11:19,2024-05-30 17:11:24,OD33P0652,1
2024-05-30 08:11:16,2024-05-30 19:40:32,22BH5913F,1
2024-05-30 08:11:05,2024-05-30 18:40:42,HR06Z3119,1
2024-05-30 08:11:02,2024-05-30 18:09:30,22BH0427C,1
2024-05-30 08:11:00,2024-05-30 15:49:13,WB30AJ8505,1
2024-05-30 08:10:57,2024-05-30 17:47:43,23BH7929H,1
2024-05-30 08:10:48,2024-05-30 17:58:40,AS01EY7712,1
2024-05-30 08:10:44,2024-05-30 18:05:59,24BH2296A,1
2024-05-30 08:10:33,2024-05-30 17:37:38,24BH0236E,1
2024-05-30 08:10:30,2024-05-30 13:43:49,HR06AQ4080,1
2024-05-30 08:10:28,2024-05-30 19:49:02,WB30AJ2877,1
2024-05-30 08:10:25,2024-05-30 12:55:30,AS19J1479,1
2024-05-30 08:10:23,2024-05-30 19:39:45,GJ06PF5662,1
2024-05-30 08:10:21,2024-05-30 17:15:34,HR06AP4832,1
2024-05-30 08:10:18,2024-05-30 17:42:25,HR82A5376,1
2024-05-30 08:10:14,2024-05-30 18:33:45,HR06AW7228,1
2024-05-30 08:10:10,2024-05-30 19:12:34,AS01DB9562,1
2024-05-30 08:10:06,2024-05-30 19:10:23,UP16BN2540,1
2024-05-30 08:10:04,2024-05-30 12:50:23,GJ6ED1097,1
2024-05-30 08:10:02,2024-05-30 12:56:55,OD33J3655,1
2024-05-30 08:09:59,2024-05-30 19:13:13,UP16BN9953,1
2024-05-30 08:09:57,2024-05-30 14:54:06,OD01AJ7170,1
2024-05-30 08:09:55,NULL,HR06AF2792,1
2024-05-30 08:09:53,2024-05-30 19:37:17,OD02BS1794,1
2024-05-30 08:09:49,2024-05-30 19:07:15,UP85AF0353,1
2024-05-30 08:09:47,2024-05-30 18:01:47,23BH6994B,1
2024-05-30 08:09:45,2024-05-30 12:40:48,23BH5483L,1
2024-05-30 08:09:41,2024-05-30 19:17:16,HR06Z5099,1
2024-05-30 08:09:38,2024-05-30 18:30:04,OD02BU2717,1
2024-05-30 08:09:35,2024-05-30 13:31:11,HR06X8329,1
2024-05-30 08:09:25,2024-05-30 17:30:18,22BH2802A,1
2024-05-30 08:09:17,2024-05-30 18:07:20,23BH1877G,1
2024-05-30 08:09:15,NULL,WB3206799,1
2024-05-30 08:09:12,2024-05-30 17:42:14,23BH9168G,1
2024-05-30 08:09:09,2024-05-30 11:06:35,UP85BR3111,1
2024-05-30 08:09:06,2024-05-30 17:57:16,OD05AZ3505,1
2024-05-30 08:09:01,NULL,OD05AN2088,1
2024-05-30 08:08:53,2024-05-30 19:36:12,WB30H4455,1
2024-05-30 08:08:50,2024-05-30 20:58:27,DL8CAQ8874,1
2024-05-30 08:08:43,2024-05-30 19:50:16,AS19N5696,1
2024-05-30 08:08:33,2024-05-30 14:19:23,HR06AC0240,1
2024-05-30 08:08:30,2024-05-30 17:23:14,24BH6074D,1
2024-05-30 08:08:26,2024-05-30 17:14:39,GJ06LE2660,1
2024-05-30 08:08:25,2024-05-30 17:54:54,22BH0748B,1
2024-05-30 08:08:22,2024-05-30 18:25:07,WB32P7246,1
2024-05-30 08:08:19,2024-05-30 18:51:26,22BH1115E,1
2024-05-30 08:08:15,2024-05-30 17:24:39,HR06AV4178,1
2024-05-30 08:08:13,2024-05-30 17:30:01,OD05BA4461,1
2024-05-30 08:08:10,2024-05-30 18:17:43,23BH5615H,1
2024-05-30 08:08:08,2024-05-30 17:02:30,OR02BN1967,1
2024-05-30 08:08:05,2024-05-30 17:09:22,HR06W4334,1
2024-05-30 08:08:00,2024-05-30 17:58:56,KA01MN5667,1
2024-05-30 08:07:53,2024-05-30 18:21:00,GJ06PD5063,1
2024-05-30 08:07:47,2024-05-30 17:32:54,HR06AK0498,1
2024-05-30 08:07:43,NULL,M22BH7342D,1
2024-05-30 08:07:40,2024-05-30 18:42:05,WB52P0993,1
2024-05-30 08:07:37,NULL,OD33A08293,1
2024-05-30 08:07:34,2024-05-30 13:22:42,22BH9536A,1
2024-05-30 08:07:31,2024-05-30 17:03:27,OD02BR5883,1
2024-05-30 08:07:29,2024-05-30 19:39:49,HR51BQ6255,1
2024-05-30 08:07:27,2024-05-30 18:00:36,22BH3980A,1
2024-05-30 08:07:21,NULL,OD21F8321,1
2024-05-30 08:07:18,NULL,OD02BP9606,1
2024-05-30 08:07:14,2024-05-30 21:18:20,OD02CJ9573,1
2024-05-30 08:07:11,NULL,HR06H1046,1
2024-05-30 08:07:08,NULL,HR06AN7579,1
2024-05-30 08:07:06,2024-05-30 17:50:28,OD02BU6906,1
2024-05-30 08:07:03,2024-05-30 21:20:52,23BH2487L,1
2024-05-30 08:06:49,2024-05-30 19:36:38,HR06V3592,1
2024-05-30 08:06:46,2024-05-30 20:22:43,BR01BR9064,1
2024-05-30 08:06:45,NULL,AS23H6722,1
2024-05-30 08:06:42,2024-05-30 17:17:59,GJ06PE5496,1
2024-05-30 08:06:39,2024-05-30 17:24:00,23BH7180C,1
2024-05-30 08:06:37,2024-05-30 18:57:40,HR06AL6193,1
2024-05-30 08:06:28,NULL,WB30T3036,1
2024-05-30 08:06:22,2024-05-30 19:09:41,RJ45CG3604,1
2024-05-30 08:06:21,NULL,HR29AC6260,1
2024-05-30 08:06:17,2024-05-30 18:29:43,UP16BX6075,1
2024-05-30 08:05:58,NULL,O221E6QC8,1
2024-05-30 08:05:50,NULL,OD02P3953,1
2024-05-30 08:05:41,2024-05-30 17:07:25,AS01EL9097,1
2024-05-30 08:05:38,2024-05-30 17:46:45,GJ06PJ0348,1
2024-05-30 08:05:35,2024-05-30 18:18:05,BR01BC5738,1
2024-05-30 08:05:33,2024-05-30 20:30:49,OD02AA0566,1
2024-05-30 08:05:29,2024-05-30 18:59:01,WB30Q8130,1
2024-05-30 08:05:28,2024-05-30 18:26:41,AS23R0115,1
2024-05-30 08:05:22,2024-05-30 17:32:58,22BH9519A,1
2024-05-30 08:05:18,2024-05-30 17:42:51,UP85BJ8476,1
2024-05-30 08:05:16,2024-05-30 18:20:21,OD13G7718,1
2024-05-30 08:05:08,2024-05-30 18:10:22,23BH2586D,1
2024-05-30 08:05:06,2024-05-30 13:21:21,TN02BF2676,1
2024-05-30 08:05:03,2024-05-30 17:38:22,22BH2970A,1
2024-05-30 08:05:01,2024-05-30 17:45:56,23BH8010C,1
2024-05-30 08:04:58,2024-05-30 20:00:34,OD05BG9959,1
2024-05-30 08:04:55,2024-05-30 17:15:37,OD02AP1338,1
2024-05-30 08:04:45,2024-05-30 17:10:17,24BH2071D,1
2024-05-30 08:04:43,2024-05-30 17:25:30,HR51BQ6777,1
2024-05-30 08:04:40,2024-05-30 17:58:20,23BH1359E,1
2024-05-30 08:04:35,2024-05-30 17:13:23,HR06BB5079,1
2024-05-30 08:04:33,2024-05-30 17:49:46,HR06AY8003,1
2024-05-30 08:04:30,2024-05-30 18:59:36,UP16BJ2956,1
2024-05-30 08:04:28,2024-05-30 17:02:23,JH01X4588,1
2024-05-30 08:04:25,2024-05-30 17:38:36,OD33D4992,1
2024-05-30 08:04:21,2024-05-30 17:33:17,UP80BA0615,1
2024-05-30 08:04:18,2024-05-30 19:20:37,HR06AG5224,1
2024-05-30 08:04:15,2024-05-30 18:17:48,WB18AG4370,1
2024-05-30 08:04:13,2024-05-30 17:55:58,OD02U3603,1
2024-05-30 08:04:09,2024-05-30 19:29:12,RJ14UF6302,1
2024-05-30 08:04:07,2024-05-30 17:24:13,22BH3789E,1
2024-05-30 08:03:50,2024-05-30 18:06:50,24BH1904C,1
2024-05-30 08:03:49,2024-05-30 18:01:01,22BH9051B,1
2024-05-30 08:03:46,2024-05-30 17:27:07,OD02CE0395,1
2024-05-30 08:03:29,2024-05-30 18:22:38,HR06AB8422,1
2024-05-30 08:03:25,2024-05-30 17:36:09,AS19H1234,1
2024-05-30 08:03:15,NULL,HR06AH3838,1
2024-05-30 08:03:01,NULL,GJ6DBP8428,1
2024-05-30 08:02:17,NULL,HR06AK6131,1
2024-05-30 08:02:13,NULL,OD02AC0645,1
2024-05-30 08:02:05,2024-05-30 18:06:56,HR06Y7386,1
2024-05-30 08:01:57,2024-05-30 19:03:24,22BH4763D,1
2024-05-30 08:01:53,2024-05-30 18:10:54,OD02BQ6344,1
2024-05-30 08:01:46,2024-05-30 22:02:41,23BH5283B,1
2024-05-30 08:01:44,2024-05-30 17:39:27,OR09M1111,1
2024-05-30 08:01:40,2024-05-30 17:05:18,OR02BY9111,1
2024-05-30 08:01:37,2024-05-30 21:54:39,OD21M3324,1
2024-05-30 08:01:07,2024-05-30 17:12:14,WB30Y1968,1
2024-05-30 08:01:03,2024-05-30 17:36:59,OD02V6914,1
2024-05-30 08:00:48,2024-05-30 17:50:51,24BH4844E,1
2024-05-30 08:00:45,2024-05-30 18:48:39,22BH3638B,1
2024-05-30 08:00:37,2024-05-30 17:37:08,22BH1429D,1
2024-05-30 08:00:33,NULL,OD05BM779,1
2024-05-30 08:00:31,2024-05-30 18:10:59,23BH8395G,1
2024-05-30 08:00:28,2024-05-30 19:23:21,OD01Q1777,1
2024-05-30 08:00:25,2024-05-30 17:04:32,BR09AB0752,1
2024-05-30 08:00:04,2024-05-30 17:49:33,OD02Y6844,1
2024-05-30 08:00:02,2024-05-30 19:05:36,GJ06KP4039,1
2024-05-30 07:59:58,2024-05-30 18:40:44,OD02AU4660,1
2024-05-30 07:59:52,2024-05-30 18:50:40,UP85BZ6620,1
2024-05-30 07:59:50,2024-05-30 21:06:19,GJ06PE0597,1
2024-05-30 07:59:45,2024-05-30 13:18:49,HR06V8045,1
2024-05-30 07:59:43,2024-05-30 12:45:35,KL55N7499,1
2024-05-30 07:59:30,NULL,60D21M9992,1
2024-05-30 07:59:25,2024-05-30 19:46:33,OD33Z7261,1
2024-05-30 07:59:13,2024-05-30 18:11:01,GJ06PM0914,1
2024-05-30 07:58:55,2024-05-30 19:11:47,OD02CQ3270,1
2024-05-30 07:58:53,NULL,OD216J9014,1
2024-05-30 07:58:50,2024-05-30 18:42:26,OR02BS7177,1
2024-05-30 07:58:38,2024-05-30 17:19:06,AS23M9022,1
2024-05-30 07:58:36,2024-05-30 12:47:12,OD05AK9255,1
2024-05-30 07:58:33,2024-05-30 17:37:47,OD05AN8338,1
2024-05-30 07:58:30,2024-05-30 17:31:15,OD02BP6103,1
2024-05-30 07:58:11,2024-05-30 18:14:02,OD05BA8761,1
2024-05-30 07:58:08,2024-05-30 19:26:00,HR06AA1845,1
2024-05-30 07:57:57,2024-05-30 17:57:13,OD05AN4353,1
2024-05-30 07:57:43,2024-05-30 17:56:01,HR06AB3982,1
2024-05-30 07:57:35,2024-05-30 19:18:24,HR06AY3922,1
2024-05-30 07:56:55,2024-05-30 19:21:06,23BH1291H,1
2024-05-30 07:56:51,2024-05-30 19:04:26,OD05AG9501,1
2024-05-30 07:56:46,2024-05-30 19:18:26,AS19F8164,1
2024-05-30 07:56:19,2024-05-30 19:09:54,24BH2996E,1
2024-05-30 07:56:03,2024-05-30 15:11:09,OR05AH4135,1
2024-05-30 07:55:59,NULL,BR81DH3877,1
2024-05-30 07:55:57,2024-05-30 20:10:02,OD05AR9299,1
2024-05-30 07:55:53,2024-05-30 17:56:08,AS23X5804,1
2024-05-30 07:55:23,2024-05-30 20:16:40,OR02BG9323,1
2024-05-30 07:55:11,NULL,OD05BG0935,1
2024-05-30 07:55:05,NULL,OA054U7578,1
2024-05-30 07:55:04,NULL,90D05A7578,1
2024-05-30 07:54:58,NULL,OD2109436,1
2024-05-30 07:54:55,2024-05-30 19:32:16,OD02U4392,1
2024-05-30 07:54:48,2024-05-30 20:30:39,OD33U2918,1
2024-05-30 07:54:40,2024-05-30 18:16:51,GJ06PE6842,1
2024-05-30 07:53:50,2024-05-30 18:24:02,23BH3501L,1
2024-05-30 07:53:13,2024-05-30 19:49:46,OR02BK4361,1
2024-05-30 07:53:08,2024-05-30 12:41:09,22BH8713A,1
2024-05-30 07:53:04,2024-05-30 19:49:51,OD02CF1161,1
2024-05-30 07:53:02,2024-05-30 17:11:55,OD05BF0570,1
2024-05-30 07:52:38,NULL,OD02BH7316,1
2024-05-30 07:52:20,NULL,UP85H1071,1
2024-05-30 07:52:17,2024-05-30 17:20:50,OD02AG6066,1
2024-05-30 07:52:14,NULL,GJ6FQ2082,1
2024-05-30 07:52:03,2024-05-30 18:01:14,24BH3605D,1
2024-05-30 07:52:01,2024-05-30 18:46:04,23BH0649B,1
2024-05-30 07:51:54,2024-05-30 20:00:25,WB26BP8760,1
2024-05-30 07:51:13,NULL,OD94M8910,1
2024-05-30 07:50:53,NULL,OD21A0075,1
2024-05-30 07:50:42,NULL,WB30H1748,1
2024-05-30 07:50:35,2024-05-30 20:01:03,AP39TE9045,1
2024-05-30 07:50:08,2024-05-30 17:30:54,GJ06HD4198,1
2024-05-30 07:49:48,NULL,OD21E2587,1
2024-05-30 07:49:46,NULL,OD21P2519,1
2024-05-30 07:49:45,2024-05-30 18:26:46,24BH2487B,1
2024-05-30 07:49:20,2024-05-30 17:58:34,OD02G6866,1
2024-05-30 07:49:09,2024-05-30 11:41:12,OR21C1584,1
2024-05-30 07:48:55,NULL,OD33P9695,1
2024-05-30 07:48:44,2024-05-30 18:35:29,UP16CK8209,1
2024-05-30 07:48:24,2024-05-30 18:15:41,HR06X4442,1
2024-05-30 07:47:33,2024-05-30 20:02:48,OD05AT4810,1
2024-05-30 07:47:08,2024-05-30 17:06:06,HR06V7627,1
2024-05-30 07:46:09,2024-05-30 22:35:58,23BH8495G,1
2024-05-30 07:46:08,2024-05-30 18:42:56,HR06AQ1743,1
2024-05-30 07:45:48,2024-05-30 19:30:04,OD02BX9201,1
2024-05-30 07:45:30,2024-05-30 19:54:38,GJ06LK8323,1
2024-05-30 07:43:26,2024-05-30 17:51:15,OD05AX0605,1
2024-05-30 07:43:11,2024-05-30 04:27:31,AP39TB2891,1
2024-05-30 07:42:54,2024-05-30 19:27:18,OD02BZ3197,1
2024-05-30 07:42:44,NULL,OD02BE4725,1
2024-05-30 07:42:15,2024-05-30 15:43:25,OD02CC8783,1
2024-05-30 07:40:53,2024-05-30 21:30:39,OD04M4932,1
2024-05-30 07:40:45,2024-05-30 19:20:00,OR03F9117,1
2024-05-30 07:40:06,2024-05-30 18:54:24,OD21P7065,1
2024-05-30 07:39:55,2024-05-30 20:17:18,OD05V5570,1
2024-05-30 07:39:32,2024-05-30 20:13:55,OD29E1193,1
2024-05-30 07:38:43,2024-05-30 20:23:45,OD02CB4594,1
2024-05-30 07:38:40,2024-05-30 17:57:52,BR09GA9099,1
2024-05-30 07:38:11,NULL,OD05AH8159,1
2024-05-30 07:37:33,2024-05-30 19:30:16,OD21J9562,1
2024-05-30 07:36:50,2024-05-30 20:17:00,UP85AW5204,1
2024-05-30 07:35:19,NULL,OR21D4409,1
2024-05-30 07:34:14,2024-05-30 20:18:38,OR05AJ4707,1
2024-05-30 07:34:09,2024-05-30 19:13:22,UP85CA9051,1
2024-05-30 07:33:47,2024-05-30 16:54:54,OD34A2392,1
2024-05-30 07:33:14,2024-05-30 12:04:23,OR02AZ4361,1
2024-05-30 07:32:35,2024-05-30 18:57:04,OD05BN7199,1
2024-05-30 07:32:00,2024-05-30 21:42:39,OD05AQ5609,1
2024-05-30 07:31:52,2024-05-30 14:23:13,OR02BD7849,1
2024-05-30 07:30:28,2024-05-30 20:13:38,OD02CS7266,1
2024-05-30 07:29:41,2024-05-30 19:48:52,OD05F9008,1
2024-05-30 07:27:29,2024-05-30 19:55:14,OD05BF2428,1
2024-05-30 07:27:22,NULL,2WB30V3008,1
2024-05-30 07:27:03,2024-05-30 18:53:11,KA19AD3261,1
2024-05-30 07:27:01,2024-05-30 20:00:43,AP31TH2970,1
2024-05-30 07:26:52,2024-05-30 19:02:24,UP85CA9591,1
2024-05-30 07:26:26,2024-05-30 19:19:44,OD33AL5723,1
2024-05-30 07:25:37,2024-05-30 14:54:53,OD02BH7386,1
2024-05-30 07:25:35,2024-05-30 20:51:38,OD02U9061,1
2024-05-30 07:25:15,2024-05-30 19:57:02,OD05BP2455,1
2024-05-30 07:24:25,2024-05-30 18:31:17,OD21E9058,1
2024-05-30 07:24:19,2024-05-30 12:48:54,OD02CD5549,1
2024-05-30 07:24:00,2024-05-30 18:57:14,OD05BH0980,1
2024-05-30 07:22:55,NULL,O0D584680,1
2024-05-30 07:22:54,NULL,OD5BA0589,1
2024-05-30 07:22:35,2024-05-30 17:18:08,OD05AQ4898,1
2024-05-30 07:22:28,NULL,TS07UB8694,1
2024-05-30 07:22:19,NULL,GJ07EC8742,1
2024-05-30 07:22:15,2024-05-30 20:42:13,OD05BC6525,1
2024-05-30 07:21:15,NULL,238H63708,1
2024-05-30 07:21:05,2024-05-30 19:34:20,OD05BK0570,1
2024-05-30 07:20:21,2024-05-30 16:22:47,OD02BX5085,1
2024-05-30 07:19:05,2024-05-30 11:21:48,OD21P9608,1
2024-05-30 07:17:01,2024-05-30 17:17:24,21BH7834A,1
2024-05-30 07:16:17,2024-05-30 20:35:50,OD04S9990,1
2024-05-30 07:16:09,2024-05-30 19:32:27,OD02CS7244,1
2024-05-30 07:16:04,2024-05-30 18:52:43,OD02CJ4722,1
2024-05-30 07:15:20,2024-05-30 21:15:03,OD02BV7435,1
2024-05-30 07:14:46,NULL,OD2105297,1
2024-05-30 07:14:25,2024-05-30 20:31:09,OD05BS2214,1
2024-05-30 07:13:58,2024-05-30 18:58:24,OD05AB0528,1
2024-05-30 07:13:23,2024-05-30 16:07:31,OD02CH8489,1
2024-05-30 07:13:12,2024-05-30 19:40:52,OD02BW3488,1
2024-05-30 07:10:37,2024-05-30 19:19:55,GJ06LK4526,1
2024-05-30 07:09:32,2024-05-30 11:47:10,OD0404708,1
2024-05-30 07:09:02,2024-05-30 19:14:13,CG04HB0247,1
2024-05-30 07:08:53,2024-05-30 19:13:25,GJ06BV7652,1
2024-05-30 07:08:45,2024-05-30 20:19:57,OD05BL4827,1
2024-05-30 07:06:16,NULL,HR06AT9501,1
2024-05-30 07:05:24,2024-05-30 19:23:32,OD05A0065,1
2024-05-30 07:05:02,2024-05-30 16:54:57,OD33C5857,1
2024-05-30 07:03:51,2024-05-30 07:28:43,OD05AU9465,1
2024-05-30 07:02:43,2024-05-30 17:54:12,OD05BG6733,1
2024-05-30 07:01:32,2024-05-30 20:20:22,OR21C4576,1
2024-05-30 07:00:48,2024-05-30 20:05:02,OD02CK4561,1
2024-05-30 07:00:15,2024-05-30 19:11:42,OD21P0354,1
2024-05-30 06:58:47,2024-05-30 19:04:49,UP85AZ2055,1
2024-05-30 06:58:44,2024-05-30 13:53:03,OD02D1706,1
2024-05-30 06:57:19,2024-05-30 19:17:45,GJ10TX8578,1
2024-05-30 06:56:49,2024-05-30 13:57:44,OD0404707,1
2024-05-30 06:56:40,2024-05-30 21:00:08,OD05BS7419,1
2024-05-30 06:54:05,2024-05-30 08:30:40,OD05AF2591,1
2024-05-30 06:50:40,2024-05-30 13:59:13,HR06AA7930,1
2024-05-30 06:49:28,2024-05-30 23:53:40,OD02BV8471,1
2024-05-30 06:45:31,2024-05-30 21:42:19,OD05AQ9265,1
2024-05-30 06:45:03,2024-05-30 19:20:20,OD02BW4745,1
2024-05-30 06:39:56,NULL,OD1AH7513,1
2024-05-30 06:34:01,NULL,OD02BH1327,1
2024-05-30 06:30:58,2024-05-30 21:16:21,OD05BN9058,1
2024-05-30 06:24:57,2024-05-30 21:20:58,OD05BF6735,1
2024-05-30 06:24:42,2024-05-30 06:02:00,OD05AP5693,1
2024-05-30 06:23:40,NULL,420D05BJ031,1
2024-05-30 06:20:06,2024-05-30 22:10:13,OD05BE0217,1
2024-05-30 06:15:37,2024-05-30 22:25:46,OD33AB1467,1
2024-05-30 06:14:51,2024-05-30 14:07:51,22BH9725C,1
2024-05-30 06:14:05,2024-05-30 14:26:29,22BH4108E,1
2024-05-30 06:13:29,2024-05-30 14:01:03,HR06Z9952,1
2024-05-30 06:13:27,2024-05-30 22:05:00,HR06AF2006,1
2024-05-30 06:13:02,2024-05-30 14:07:30,OD05AW5929,1
2024-05-30 06:12:49,2024-05-30 14:47:48,OD02AP0635,1
2024-05-30 06:10:46,2024-05-30 14:23:09,OD02AZ9456,1
2024-05-30 06:09:50,2024-05-30 14:25:55,HR06S8849,1
2024-05-30 06:08:05,2024-05-30 14:27:04,JH05BR4616,1
2024-05-30 06:08:01,2024-05-30 14:24:38,HR06AL0147,1
2024-05-30 06:07:49,2024-05-30 14:16:32,HR06AR1018,1
2024-05-30 06:07:47,2024-05-30 14:31:28,23BH6483E,1
2024-05-30 06:07:21,2024-05-30 14:16:21,OD02AK1148,1
2024-05-30 06:07:19,2024-05-30 22:39:08,22BH7697B,1
2024-05-30 06:07:06,2024-05-30 14:23:45,HR06AS3848,1
2024-05-30 06:06:50,NULL,WB30G8089,1
2024-05-30 06:06:10,2024-05-30 21:59:41,OD05BF6692,1
2024-05-30 06:05:54,2024-05-30 14:35:48,OD02E8538,1
2024-05-30 06:05:44,2024-05-30 14:30:52,OD02BV4490,1
2024-05-30 06:05:18,2024-05-30 14:32:32,OD02AZ6369,1
2024-05-30 06:04:58,2024-05-30 22:08:47,22BH2096B,1
2024-05-30 06:04:55,2024-05-30 18:44:17,HR06W6258,1
2024-05-30 06:04:33,2024-05-30 14:55:55,TN05BP4269,1
2024-05-30 06:04:28,2024-05-30 14:37:06,GJ6FQ4018,1
2024-05-30 06:04:01,2024-05-30 14:32:29,HR06AJ8061,1
2024-05-30 06:03:34,NULL,248H8999B,1
2024-05-30 06:03:14,2024-05-30 14:37:42,OD33J1043,1
2024-05-30 06:03:11,2024-05-30 14:01:32,OD33S9969,1
2024-05-30 06:02:59,2024-05-30 14:13:48,OD33U9550,1
2024-05-30 06:02:57,2024-05-30 14:25:39,GJ06HL0810,1
2024-05-30 06:02:51,2024-05-30 14:07:58,UP25DA9057,1
2024-05-30 06:02:45,2024-05-30 14:30:47,HR06AL2539,1
2024-05-30 06:02:38,2024-05-30 14:13:42,22BH7798D,1
2024-05-30 06:02:21,NULL,OD05BC6971,1
2024-05-30 06:01:49,2024-05-30 14:27:32,UP15DS0230,1
2024-05-30 06:01:47,2024-05-30 15:44:04,22BH2524E,1
2024-05-30 06:01:02,2024-05-30 14:08:00,24BH8567C,1
2024-05-30 06:00:28,2024-05-30 14:17:08,OD02AZ3033,1
2024-05-30 05:59:45,NULL,GJ06HS6443,1
2024-05-30 05:59:42,2024-05-30 14:36:40,OD05BA9887,1
2024-05-30 05:59:29,2024-05-30 14:31:31,OD02BT2124,1
2024-05-30 05:59:11,2024-05-30 16:49:38,OD05Z1474,1
2024-05-30 05:58:55,2024-05-30 14:23:53,HR06AC6031,1
2024-05-30 05:58:41,2024-05-30 13:55:13,OD05A09252,1
2024-05-30 05:58:08,2024-05-30 21:52:04,OD05BJ6197,1
2024-05-30 05:58:02,2024-05-30 22:05:14,OD02Z9591,1
2024-05-30 05:57:39,2024-05-30 18:11:43,HR06AH6189,1
2024-05-30 05:57:36,2024-05-30 22:06:06,OD33AA0517,1
2024-05-30 05:57:04,NULL,OD21M738A,1
2024-05-30 05:56:57,2024-05-30 22:29:58,OD04R0039,1
2024-05-30 05:56:42,2024-05-30 22:30:15,OD21N0039,1
2024-05-30 05:56:09,2024-05-30 18:38:26,UP85AL2364,1
2024-05-30 05:55:52,2024-05-30 22:14:30,OD02F7924,1
2024-05-30 05:55:26,NULL,OD02BR1683,1
2024-05-30 05:55:02,2024-05-30 22:18:01,OR05AT3337,1
2024-05-30 05:54:56,2024-05-30 08:43:10,OD05BU0309,1
2024-05-30 05:54:51,2024-05-30 22:30:08,OD21M9992,1
2024-05-30 05:54:45,2024-05-30 14:24:18,OD02AE5289,1
2024-05-30 05:54:38,NULL,OD05B02602,1
2024-05-30 05:54:30,2024-05-30 22:12:31,OD05M5945,1
2024-05-30 05:54:23,2024-05-30 21:13:55,OD05BF6757,1
2024-05-30 05:54:13,2024-05-30 14:12:55,OD33B6048,1
2024-05-30 05:54:06,NULL,OD27M7434,1
2024-05-30 05:53:51,2024-05-30 22:24:30,OD05BU0039,1
2024-05-30 05:53:19,2024-05-30 14:02:47,HR06AA5046,1
2024-05-30 05:51:44,2024-05-30 14:49:30,OD05AA2673,1
2024-05-30 05:51:37,2024-05-30 20:01:18,OD05BR7199,1
2024-05-30 05:51:31,2024-05-30 06:06:11,OD05BB0706,1
2024-05-30 05:50:18,2024-05-30 14:24:50,WB30T2469,1
2024-05-30 05:50:12,2024-05-30 22:18:40,23BH0565D,1
2024-05-30 05:49:26,2024-05-30 14:01:57,22BH2503D,1
2024-05-30 05:46:49,2024-05-30 20:19:40,OD05AA8385,1
2024-05-30 05:46:00,NULL,W8304C4SS,1
2024-05-30 05:45:59,2024-05-30 14:31:55,WB30AC4485,1
2024-05-30 05:45:27,2024-05-30 14:01:30,DL1CT7740,1
2024-05-30 05:41:47,NULL,OD05A04095,1
2024-05-30 05:40:00,2024-05-30 19:28:37,OD05AS5292,1
2024-05-30 05:34:56,NULL,OD27J9964,1
2024-05-30 05:18:23,2024-05-30 20:25:48,OD05AR4159,1
2024-05-30 05:17:35,NULL,OD21M6681,1
2024-05-30 05:15:25,2024-05-30 11:55:28,OD21J3188,1
2024-05-30 05:08:37,2024-05-30 19:38:18,OD02BT3900,1
2024-05-30 05:08:21,2024-05-30 23:49:22,OD05BJ0342,1
2024-05-30 04:51:11,NULL,O005A05604,1
2024-05-30 04:49:16,2024-05-30 23:04:39,OD02BW3425,1
2024-05-30 04:43:42,2024-05-30 07:21:59,OD05BF8735,1
2024-05-30 04:33:28,2024-05-30 07:28:39,OD21J9964,1
2024-05-30 18:20:05,2024-05-30 21:53:32,OD04M8987,4
2024-05-30 18:14:05,2024-05-30 22:05:20,OD05AR1484,4
2024-05-30 18:05:13,NULL,OD05AG5785,4
2024-05-30 17:59:41,2024-05-30 21:50:14,OD04N5691,4
2024-05-30 17:58:18,2024-05-30 22:00:10,OD05V0902,4
2024-05-30 16:46:40,2024-05-30 21:58:51,OD04M5533,4
2024-05-30 16:43:21,2024-05-30 21:49:15,OD04K7692,4
2024-05-30 16:41:45,NULL,UP4JDE9133,4
2024-05-30 16:39:35,NULL,OD29DF9277,4
2024-05-30 16:32:46,NULL,50D21J0059,4
2024-05-30 16:31:17,2024-05-30 20:40:53,OR21C4759,4
2024-05-30 15:55:42,2024-05-30 16:50:45,OD21G4223,4
2024-05-30 15:46:38,NULL,OD21E9822,4
2024-05-30 15:44:04,2024-05-30 20:52:05,OD04G1513,4
2024-05-30 15:27:10,2024-05-30 20:56:08,OD04L5489,4
2024-05-30 15:25:36,NULL,OD049M6097,4
2024-05-30 15:24:30,2024-05-30 20:31:01,OD04L4252,4
2024-05-30 15:23:01,2024-05-30 20:42:12,OD05AL0627,4
2024-05-30 15:21:40,NULL,OD29DF5887,4
2024-05-30 15:20:22,2024-05-30 20:27:18,OD05U6547,4
2024-05-30 15:19:03,2024-05-30 20:28:35,OD05AA0047,4
2024-05-30 15:17:19,2024-05-30 20:39:48,OR05AR5405,4
2024-05-30 15:13:31,2024-05-30 19:18:18,OD0404725,4
2024-05-30 15:07:11,NULL,O50A04797,4
2024-05-30 15:06:53,2024-05-30 20:33:43,OD05AJ7331,4
2024-05-30 15:05:58,NULL,O005B7D97,4
2024-05-30 14:48:09,2024-05-30 20:50:24,OD05BD1667,4
2024-05-30 14:42:19,NULL,UP4DD1695,4
2024-05-30 14:35:58,2024-05-30 19:16:20,OD05BD1605,4
2024-05-30 14:33:10,2024-05-30 20:26:39,OD04L4933,4
2024-05-30 14:31:00,NULL,OD29E8775,4
2024-05-30 13:56:00,NULL,OD05BF6757,4
2024-05-30 13:01:02,NULL,OD05AS7803,4
2024-05-30 12:59:04,2024-05-30 17:30:11,OD02BT3900,4
2024-05-30 12:41:57,2024-05-30 19:04:21,OR09P3740,4
2024-05-30 12:38:30,2024-05-30 19:25:34,OD05AJ1277,4
2024-05-30 12:37:23,2024-05-30 16:12:59,OD04J5844,4
2024-05-30 12:34:43,NULL,OD0504847,4
2024-05-30 12:26:21,2024-05-30 19:21:17,OD21F9745,4
2024-05-30 12:25:12,2024-05-30 16:03:42,OR04M4285,4
2024-05-30 12:22:47,2024-05-30 19:08:54,OD0AN6433,4
2024-05-30 12:21:44,NULL,OUU5AK355,4
2024-05-30 12:20:25,2024-05-30 18:48:29,OR04M3945,4
2024-05-30 12:17:39,2024-05-30 19:12:22,OD21H8032,4
2024-05-30 12:10:01,2024-05-30 22:31:34,OD21J9964,4
2024-05-30 11:59:36,NULL,OD0AQ4797,4
2024-05-30 11:58:10,2024-05-30 18:50:37,HR39D9827,4
2024-05-30 11:54:14,2024-05-30 13:42:06,OD0404708,4
2024-05-30 11:38:53,NULL,O00400601,4
2024-05-30 11:35:09,2024-05-30 19:07:01,OD05AE1337,4
2024-05-30 11:32:04,NULL,O0D29F3296,4
2024-05-30 11:30:20,2024-05-30 19:00:58,OR09P8723,4
2024-05-30 11:04:45,2024-05-30 18:38:57,NL01N6442,4
2024-05-30 11:03:25,2024-05-30 18:39:59,NL01AE7017,4
2024-05-30 11:00:35,NULL,O004M3533,4
2024-05-30 10:51:13,2024-05-30 17:04:41,OD05AR1289,4
2024-05-30 10:47:32,2024-05-30 19:19:20,OD05Y2166,4
2024-05-30 10:44:21,2024-05-30 19:22:01,OD21H0971,4
2024-05-30 10:41:00,2024-05-30 16:11:05,OD05AJ4399,4
2024-05-30 10:39:48,2024-05-30 18:47:51,OR04N2586,4
2024-05-30 10:36:55,NULL,O06528363,4
2024-05-30 10:35:26,2024-05-30 18:59:58,OD29F4738,4
2024-05-30 10:15:38,2024-05-30 15:43:12,OD29C8397,4
2024-05-30 10:06:08,2024-05-30 14:44:07,OD05AE1114,4
2024-05-30 10:01:36,2024-05-30 14:30:45,OD21G7832,4
2024-05-30 10:00:13,2024-05-30 14:35:36,OR05AP9534,4
2024-05-30 09:58:38,NULL,OR05DN9534,4
2024-05-30 09:56:52,NULL,OR04N2963,4
2024-05-30 09:38:20,NULL,OD29C7277,4
2024-05-30 09:33:32,NULL,OD95AH7153,4
2024-05-30 09:31:34,2024-05-30 14:00:48,OR05AP4775,4
2024-05-30 09:26:14,2024-05-30 14:21:27,OD05AK4657,4
2024-05-30 09:24:26,2024-05-30 14:40:57,OD29E7837,4
2024-05-30 09:22:39,NULL,D0D21F2550,4
2024-05-30 09:20:09,2024-05-30 14:01:39,OD29E6713,4
2024-05-30 09:14:06,2024-05-30 12:21:10,OD05BA7406,4
2024-05-30 08:52:48,NULL,OD05BE8344,4
2024-05-30 08:37:28,NULL,OD05AS3722,4
2024-05-30 08:33:49,2024-05-30 19:02:31,OD29L5984,4
2024-05-30 08:28:29,NULL,OD05AV4557,4
2024-05-30 08:25:04,NULL,OD21M7848,4
2024-05-30 08:23:50,NULL,OR02AP6283,4
2024-05-30 08:22:37,NULL,O0652A3673,4
2024-05-30 08:22:36,NULL,OD05A3073,4
2024-05-30 08:21:49,NULL,OD29K9201,4
2024-05-30 08:17:03,NULL,OD02AS7781,4
2024-05-30 08:15:26,2024-05-30 15:50:15,OD05BC8361,4
2024-05-30 08:14:59,NULL,OD05Z1474,4
2024-05-30 08:14:30,NULL,OD02CH8489,4
2024-05-30 08:09:49,NULL,OD05BM6681,4
2024-05-30 08:07:25,2024-05-30 11:15:27,OD05AR4159,4
2024-05-30 07:53:46,2024-05-30 16:35:33,OD0404707,4
2024-05-30 07:52:48,2024-05-30 09:58:47,OD04Q4708,4
2024-05-30 07:52:29,NULL,OD05D0194,4
2024-05-30 07:45:18,NULL,OD05A0489,4
2024-05-30 07:44:58,2024-05-30 13:59:04,OD05AJ1127,4
2024-05-30 07:41:05,2024-05-30 13:56:41,OD29C4877,4
2024-05-30 21:56:42,NULL,O005AL1136,9
2024-05-30 21:53:26,NULL,O05A60615,9
2024-05-30 21:26:27,NULL,TN88H6221,9
2024-05-30 19:21:33,NULL,OD29J9151,9
2024-05-30 19:21:06,NULL,OD04W5033,9
2024-05-30 19:19:30,NULL,OD05Z8521,9
2024-05-30 19:17:53,NULL,OD21R6117,9
2024-05-30 19:17:33,NULL,OD02CF5461,9
2024-05-30 19:17:08,2024-05-30 19:17:20,OD05AF1356,9
2024-05-30 19:16:47,NULL,OD05W3130,9
2024-05-30 19:16:16,NULL,OD04R5795,9
2024-05-30 19:15:48,NULL,OD29D8800,9
2024-05-30 19:14:29,NULL,OD29J4566,9
2024-05-30 19:14:04,NULL,OD29G1016,9
2024-05-30 19:12:22,NULL,OD04R6CC9,9
2024-05-30 19:09:17,NULL,OD05AW439,9
2024-05-30 19:08:55,NULL,O2988BD165,9
2024-05-30 19:08:34,NULL,OD29C8553,9
2024-05-30 19:07:24,NULL,OD05BB6364,9
2024-05-30 19:05:05,NULL,OD21F1794,9
2024-05-30 19:04:19,NULL,OD29J5585,9
2024-05-30 19:01:51,NULL,O029J4166,9
2024-05-30 19:01:19,NULL,OD05AJ1838,9
2024-05-30 19:01:17,NULL,O005AJ1838,9
2024-05-30 19:00:55,NULL,OD04BP8881,9
2024-05-30 19:00:42,NULL,OD05BP8881,9
2024-05-30 19:00:40,NULL,OD05BP8887,9
2024-05-30 19:00:22,NULL,OR19F8360,9
2024-05-30 18:59:21,NULL,GG6062QH2,9
2024-05-30 18:59:09,NULL,OD05BA8080,9
2024-05-30 18:57:22,NULL,OD04M1878,9
2024-05-30 18:56:39,NULL,OD04N2772,9
2024-05-30 18:55:06,NULL,ODD552509,9
2024-05-30 18:55:05,NULL,O005A52509,9
2024-05-30 18:53:35,NULL,OD29J3647,9
2024-05-30 18:50:53,NULL,OD29R5777,9
2024-05-30 18:49:30,NULL,O004R3313,9
2024-05-30 18:49:00,NULL,GA05BA0102,9
2024-05-30 18:47:20,NULL,OD05A2M195G,9
2024-05-30 18:47:18,NULL,OD05AM1950,9
2024-05-30 18:46:15,NULL,OD05AH6915,9
2024-05-30 18:45:22,NULL,ODD547U01G,9
2024-05-30 18:45:03,NULL,O0290C8163,9
2024-05-30 18:44:44,NULL,H0D29C8163,9
2024-05-30 18:44:40,NULL,20D29C8163,9
2024-05-30 18:44:38,NULL,OD290C8163,9
2024-05-30 18:44:31,NULL,G0D29C8163,9
2024-05-30 18:44:30,NULL,60D290C8163,9
2024-05-30 18:44:29,NULL,60D29C8163,9
2024-05-30 18:44:03,NULL,OD29C8163,9
2024-05-30 18:44:02,NULL,OD29HC81S3,9
2024-05-30 18:42:53,NULL,4NL01AB1111,9
2024-05-30 18:42:23,NULL,PY0BA0702,9
2024-05-30 18:39:41,NULL,NL01AE6680,9
2024-05-30 18:39:37,NULL,O005BA0102,9
2024-05-30 18:38:24,NULL,OD29J1298,9
2024-05-30 18:34:48,NULL,OD05A25455,9
2024-05-30 18:33:19,NULL,OD05AZ5455,9
2024-05-30 18:09:14,2024-05-30 19:25:23,OD02CF5261,9
2024-05-30 18:09:12,NULL,O004U0036,9
2024-05-30 18:08:36,NULL,OD04U0036,9
2024-05-30 18:07:11,NULL,O014S0036,9
2024-05-30 18:06:46,NULL,O00430036,9
2024-05-30 18:06:36,NULL,O004S0U16,9
2024-05-30 18:06:32,NULL,O004S0036,9
2024-05-30 18:06:25,NULL,OD04S0036,9
2024-05-30 18:04:47,NULL,OD21P0036,9
2024-05-30 18:03:40,NULL,OD04N3328,9
2024-05-30 17:58:36,NULL,O005AP6465,9
2024-05-30 17:44:36,NULL,KA01AK1451,9
2024-05-30 17:10:39,NULL,OC05AR4159,9
2024-05-30 16:36:14,NULL,826203HV6,9
2024-05-30 16:36:13,NULL,2U2803HFS,9
2024-05-30 16:29:00,NULL,P397B2891,9
2024-05-30 16:27:10,NULL,AP39PB2891,9
2024-05-30 16:26:58,NULL,O0U5BB99A,9
2024-05-30 16:26:57,NULL,U0U5BB994,9
2024-05-30 16:26:29,NULL,OD05BB9394,9
2024-05-30 16:26:10,NULL,OD21D6348,9
2024-05-30 16:24:59,NULL,C01LP0SP70,9
2024-05-30 16:22:34,NULL,OD04S6526,9
2024-05-30 16:22:30,NULL,OD0SAV1748,9
2024-05-30 16:21:22,NULL,70D05AW1749,9
2024-05-30 16:20:46,NULL,O0299A62110,9
2024-05-30 16:20:44,NULL,O029MA6320,9
2024-05-30 16:19:56,NULL,OU2089469,9
2024-05-30 16:19:54,NULL,O029A6272,9
2024-05-30 16:19:47,2024-05-30 17:47:57,OD29N2463,9
2024-05-30 16:19:26,NULL,OJ04AM9625,9
2024-05-30 16:18:14,NULL,OD04A19605,9
2024-05-30 16:18:12,2024-05-30 17:47:23,OD04M9625,9
2024-05-30 16:10:53,2024-05-30 17:40:53,OD04T1856,9
2024-05-30 16:09:32,NULL,OD21E0809,9
2024-05-30 16:08:37,2024-05-30 17:39:13,OD04T1656,9
2024-05-30 16:06:19,2024-05-30 17:37:21,OD04U6969,9
2024-05-30 16:06:09,NULL,OD29J2517,9
2024-05-30 16:03:44,NULL,OD04T1756,9
2024-05-30 15:59:35,NULL,OD0405336,9
2024-05-30 15:58:51,NULL,OD29F3437,9
2024-05-30 15:54:51,NULL,OD02BV9794,9
2024-05-30 15:53:36,NULL,OR21C9716,9
2024-05-30 15:52:29,NULL,89048P173,9
2024-05-30 15:52:23,NULL,O123J6375,9
2024-05-30 15:52:12,NULL,O02DJ6375,9
2024-05-30 15:52:08,NULL,O022J6375,9
2024-05-30 15:51:34,NULL,OD29J6375,9
2024-05-30 15:50:01,NULL,OD29J3375,9
2024-05-30 15:45:57,2024-05-30 17:42:55,OD02CK9061,9
2024-05-30 15:45:56,NULL,NL1HD2396,9
2024-05-30 15:45:24,NULL,NL01AD2596,9
2024-05-30 15:45:04,NULL,D0018V979,9
2024-05-30 15:44:51,NULL,O002B9749,9
2024-05-30 15:44:43,2024-05-30 17:42:04,OD02BV9749,9
2024-05-30 15:42:52,NULL,OD29J1130,9
2024-05-30 15:42:47,NULL,O005AM21314,9
2024-05-30 15:41:44,NULL,O0051M1314,9
2024-05-30 15:40:34,NULL,JH29J5592,9
2024-05-30 15:39:47,NULL,O005AY2437,9
2024-05-30 15:38:31,NULL,OD29H9490,9
2024-05-30 15:37:11,NULL,OD29J1115,9
2024-05-30 15:33:57,NULL,OD05V1589,9
2024-05-30 15:31:48,NULL,OD29H8375,9
2024-05-30 15:30:22,NULL,OD29J18791,9
2024-05-30 15:26:12,NULL,NL1AE1436,9
2024-05-30 15:26:10,NULL,DL05BR9985,9
2024-05-30 15:25:15,NULL,OD05BR9989,9
2024-05-30 15:23:46,NULL,WB29B5046,9
2024-05-30 15:21:45,NULL,CG04LL0107,9
2024-05-30 15:20:52,NULL,HR11F7077,9
2024-05-30 15:20:10,NULL,CG0AJE0283,9
2024-05-30 15:19:50,NULL,OD29J8599,9
2024-05-30 15:18:56,NULL,OD28J8777,9
2024-05-30 15:18:46,NULL,OD28JQ6777,9
2024-05-30 15:15:21,NULL,NL01AB7536,9
2024-05-30 15:14:43,NULL,NL01AE6673,9
2024-05-30 15:14:05,NULL,NL01AE6672,9
2024-05-30 15:13:34,2024-05-30 18:05:38,OR21D7546,9
2024-05-30 15:11:28,NULL,JH28J6777,9
2024-05-30 15:08:56,2024-05-30 15:19:17,OD28J6777,9
2024-05-30 15:02:36,NULL,O97960563,9
2024-05-30 15:01:39,NULL,OD05BB5653,9
2024-05-30 14:57:02,NULL,OD05BB3300,9
2024-05-30 14:53:26,NULL,OD04N14940,9
2024-05-30 14:52:15,NULL,OD0LM4940,9
2024-05-30 14:50:46,NULL,O0P419795,9
2024-05-30 14:50:46,NULL,O00U0PM100,9
2024-05-30 14:50:03,NULL,OD05AD3422,9
2024-05-30 14:50:01,NULL,DAD34220D05,9
2024-05-30 14:49:14,NULL,U0ZJM42772,9
2024-05-30 14:46:57,NULL,OR05AK1651,9
2024-05-30 14:44:54,NULL,OD05AY8162,9
2024-05-30 14:41:42,NULL,NL0204842,9
2024-05-30 14:38:15,NULL,OD29J2578,9
2024-05-30 14:34:08,NULL,O029H7211,9
2024-05-30 14:34:08,NULL,OD29H721121,9
2024-05-30 14:32:53,NULL,OD0005AA944,9
2024-05-30 14:30:57,NULL,OD29J4461,9
2024-05-30 14:29:47,NULL,UA04DK3373,9
2024-05-30 14:29:03,2024-05-30 15:52:43,TN15P8330,9
2024-05-30 14:28:37,NULL,OD05Z2524,9
2024-05-30 14:28:09,NULL,OD05U5661,9
2024-05-30 14:27:13,NULL,OD29J4361,9
2024-05-30 14:26:34,NULL,OD0005AA94,9
2024-05-30 14:26:32,NULL,OD100054AA9,9
2024-05-30 14:26:31,NULL,OD1D005A94,9
2024-05-30 14:26:19,NULL,D0005A4A94,9
2024-05-30 14:25:52,NULL,OD00544A1,9
2024-05-30 14:25:48,NULL,OD005A4A41,9
2024-05-30 14:25:41,NULL,ODD005A4A9,9
2024-05-30 14:25:06,NULL,OD29F3025,9
2024-05-30 14:24:35,NULL,OD05A44A941,9
2024-05-30 14:23:40,NULL,JH21G5134,9
2024-05-30 14:23:23,NULL,OD05H0076,9
2024-05-30 14:22:39,NULL,50D05A001,9
2024-05-30 14:22:35,NULL,50D05A0197,9
2024-05-30 14:22:08,NULL,OD29E3856,9
2024-05-30 14:22:04,NULL,OD05AL0133,9
2024-05-30 14:21:38,NULL,D05B37226,9
2024-05-30 14:21:12,NULL,OD05B7226,9
2024-05-30 14:21:02,NULL,OD29HD9277,9
2024-05-30 14:21:00,NULL,OD29H9277,9
2024-05-30 14:20:32,NULL,OD05BB7226,9
2024-05-30 14:20:08,NULL,OD29J0053,9
2024-05-30 14:11:54,NULL,OD04L7569,9
2024-05-30 14:11:18,NULL,OD21M3634,9
2024-05-30 14:10:27,NULL,JH05CP9938,9
2024-05-30 14:08:43,NULL,JH05CB9938,9
2024-05-30 14:06:59,NULL,OD29J2677,9
2024-05-30 14:06:36,NULL,OD05BA202,9
2024-05-30 14:06:26,NULL,OD05BA272,9
2024-05-30 14:06:23,NULL,OD05BA727,9
2024-05-30 14:06:06,NULL,OD05BA227,9
2024-05-30 14:05:43,NULL,OD05BA2727,9
2024-05-30 14:03:37,NULL,OD29H8433,9
2024-05-30 14:02:28,NULL,OD05AM9048,9
2024-05-30 14:00:34,NULL,OD05BA4862,9
2024-05-30 13:58:26,NULL,OD29J3079,9
2024-05-30 13:57:57,NULL,OD05AY7885,9
2024-05-30 13:56:56,NULL,OD05AG0615,9
2024-05-30 13:55:54,NULL,OD04M5592,9
2024-05-30 13:54:53,NULL,OD29H8333,9
2024-05-30 13:54:30,NULL,MH04KF8696,9
2024-05-30 13:48:57,NULL,OD29C4949,9
2024-05-30 13:46:52,NULL,70064R4150,9
2024-05-30 13:07:32,2024-05-30 17:23:46,OD21J3188,9
2024-05-30 13:01:34,NULL,OD02BW920A,9
2024-05-30 12:56:41,2024-05-30 19:49:53,OD34D9195,9
2024-05-30 12:45:55,NULL,OD02CC59F,9
2024-05-30 12:43:09,NULL,OD02CC5956,9
2024-05-30 12:28:01,NULL,OD15K2613,9
2024-05-30 12:23:22,NULL,OD21G0943,9
2024-05-30 12:18:48,NULL,OD05AA1962,9
2024-05-30 12:17:55,NULL,OD29J65556,9
2024-05-30 12:17:24,NULL,OD05A1P665,9
2024-05-30 12:17:04,NULL,Q033AC0509,9
2024-05-30 12:17:04,NULL,OD05AP665,9
2024-05-30 12:16:52,NULL,OD05AJP6465,9
2024-05-30 12:16:48,NULL,OD05AP64657,9
2024-05-30 12:16:46,NULL,OD05A1P6465,9
2024-05-30 12:16:41,NULL,OD05AP6465,9
2024-05-30 12:14:12,2024-05-30 17:55:39,AP31TM2445,9
2024-05-30 12:12:36,2024-05-30 15:36:05,OD29P0036,9
2024-05-30 12:12:03,NULL,OD05AA5117,9
2024-05-30 12:11:19,NULL,OD21F5626,9
2024-05-30 12:10:22,2024-05-30 15:34:45,OD29N0036,9
2024-05-30 12:05:30,NULL,O105RA2962,9
2024-05-30 12:04:59,NULL,OD058A2962,9
2024-05-30 12:04:02,NULL,O005BA2962,9
2024-05-30 12:03:57,NULL,OD05BA2962,9
2024-05-30 12:00:02,NULL,OD35B6302,9
2024-05-30 11:58:25,NULL,D029E9323,9
2024-05-30 11:58:02,NULL,OD05AV2631,9
2024-05-30 11:54:49,NULL,OD21L3674,9
2024-05-30 11:53:07,NULL,OD04K5595,9
2024-05-30 11:52:58,2024-05-30 15:19:27,OD23E3323,9
2024-05-30 11:43:55,NULL,OD21E5652,9
2024-05-30 11:43:29,NULL,J021C9156,9
2024-05-30 11:41:38,NULL,OR0AM5839,9
2024-05-30 11:40:49,NULL,O021U1028,9
2024-05-30 11:40:15,NULL,OD21M1193,9
2024-05-30 11:39:39,NULL,O50547B03,9
2024-05-30 11:39:38,NULL,D0D5J57608,9
2024-05-30 11:38:43,NULL,OD0507607,9
2024-05-30 11:35:42,NULL,OD04U1776,9
2024-05-30 11:35:21,NULL,W1H43514S,9
2024-05-30 11:33:55,2024-05-30 17:54:31,MH43BP5745,9
2024-05-30 11:33:20,2024-05-30 13:46:53,OD050R4159,9
2024-05-30 11:33:19,NULL,O0064A4161,9
2024-05-30 11:27:28,NULL,OD05Z9125,9
2024-05-30 11:24:14,NULL,OD0405033,9
2024-05-30 11:23:39,NULL,OD29J5666,9
2024-05-30 11:22:51,NULL,OD04U1573,9
2024-05-30 11:20:08,2024-05-30 11:55:51,OD04V1956,9
2024-05-30 11:17:16,2024-05-30 14:16:50,OD21M9116,9
2024-05-30 11:16:19,2024-05-30 13:09:25,OD17H1095,9
2024-05-30 11:16:04,2024-05-30 11:39:37,OD05AS7803,9
2024-05-30 11:13:06,NULL,OD29H6477,9
2024-05-30 11:11:08,NULL,OD05AA9534,9
2024-05-30 11:10:47,NULL,DN05A1851,9
2024-05-30 11:07:35,2024-05-30 15:55:48,OD04R7324,9
2024-05-30 11:05:06,NULL,O00209153,9
2024-05-30 11:04:35,NULL,ODD2BD9959,9
2024-05-30 11:03:40,2024-05-30 15:57:07,OD04R6657,9
2024-05-30 11:00:16,NULL,OD21M4096,9
2024-05-30 10:54:01,NULL,OD05N6071,9
2024-05-30 10:46:52,NULL,O029H9929,9
2024-05-30 10:46:48,2024-05-30 12:28:59,OD1503505,9
2024-05-30 10:42:12,2024-05-30 17:45:53,OD02BV9745,9
2024-05-30 10:36:00,2024-05-30 14:17:10,OD04E3248,9
2024-05-30 10:34:18,NULL,OD15K2914,9
2024-05-30 10:33:45,2024-05-30 13:51:59,OD04T2463,9
2024-05-30 10:30:03,2024-05-30 11:15:46,OD04V2656,9
2024-05-30 10:27:23,NULL,OR04H09494,9
2024-05-30 10:25:58,NULL,OR04H09499,9
2024-05-30 10:23:09,NULL,WB29B5646,9
2024-05-30 10:22:56,2024-05-30 11:09:24,C01LP0S1T0N,9
2024-05-30 10:22:54,NULL,C01LP0S1T,9
2024-05-30 10:22:52,NULL,UUUS65351,9
2024-05-30 10:21:35,2024-05-30 15:50:48,OD04S6535,9
2024-05-30 10:20:18,NULL,OD33A00509,9
2024-05-30 10:20:18,NULL,B0LER0MN11U,9
2024-05-30 10:20:09,NULL,Q0P33AC0509,9
2024-05-30 10:19:49,NULL,O633AC0509,9
2024-05-30 10:19:40,NULL,QP633AC0509,9
2024-05-30 10:18:01,2024-05-30 12:17:02,OD33AC0509,9
2024-05-30 10:16:58,NULL,UA21H5325,9
2024-05-30 10:13:20,NULL,OD19C1014,9
2024-05-30 10:12:23,2024-05-30 18:02:21,OD04R3513,9
2024-05-30 10:08:17,NULL,OD09P1617,9
2024-05-30 10:06:01,NULL,OD20G6027,9
2024-05-30 10:05:58,NULL,G60220D29U8,9
2024-05-30 10:05:56,2024-05-30 11:11:25,OD29G6022,9
2024-05-30 10:01:00,NULL,GJ04JE0283,9
2024-05-30 10:00:55,NULL,PB11F7077,9
2024-05-30 09:59:58,NULL,WB11F7077,9
2024-05-30 09:55:35,NULL,OD05AZ6022,9
2024-05-30 09:54:18,NULL,OD05AV3647,9
2024-05-30 09:50:25,NULL,OD29C3923,9
2024-05-30 09:48:25,2024-05-30 15:16:59,WB33E0745,9
2024-05-30 09:48:07,NULL,OD29J2717,9
2024-05-30 09:46:23,NULL,N101A0E6680,9
2024-05-30 09:42:22,NULL,OD05AS0498,9
2024-05-30 09:41:59,NULL,NL01AB1111,9
2024-05-30 09:40:33,NULL,101AB1530,9
2024-05-30 09:40:31,NULL,ML01AB7530,9
2024-05-30 09:38:10,NULL,OD02B7828,9
2024-05-30 09:36:44,2024-05-30 09:43:40,OD02BV7828,9
2024-05-30 09:33:48,2024-05-30 12:23:42,OD02BD9957,9
2024-05-30 09:33:19,NULL,UA2TG0943,9
2024-05-30 09:32:46,2024-05-30 12:22:42,OD21G1439,9
2024-05-30 09:32:35,NULL,OD211G09M,9
2024-05-30 09:32:29,NULL,O72141G09M,9
2024-05-30 09:32:28,NULL,OD2141G097M,9
2024-05-30 09:32:26,NULL,O7211G097M,9
2024-05-30 09:32:12,2024-05-30 12:21:50,OD21G0941,9
2024-05-30 09:30:08,2024-05-30 16:11:07,OD09P1817,9
2024-05-30 09:29:16,2024-05-30 12:19:41,OD21E2516,9
2024-05-30 09:27:32,2024-05-30 16:10:10,OD04M1515,9
2024-05-30 09:27:08,NULL,O00572465A4,9
2024-05-30 09:26:53,NULL,OD05A72465,9
2024-05-30 09:26:22,NULL,O005A72465,9
2024-05-30 09:26:19,NULL,OD05A22465,9
2024-05-30 09:26:08,2024-05-30 17:52:39,OD05AZ2465,9
2024-05-30 09:23:42,2024-05-30 12:18:49,OD15K2915,9
2024-05-30 09:22:50,NULL,O021E56522,9
2024-05-30 09:22:11,NULL,OD21C9156,9
2024-05-30 09:21:22,NULL,OD21C8094,9
2024-05-30 09:19:09,2024-05-30 11:42:36,OD02BD9956,9
2024-05-30 08:59:22,NULL,GJ01JT5041,9
2024-05-30 08:43:35,NULL,OD05BM0067,9
2024-05-30 08:34:31,NULL,NJLTNNHES0,9
2024-05-30 08:34:29,NULL,TNTHYLJ4ESU,9
2024-05-30 08:31:28,NULL,Y0SHHER0T1,9
2024-05-30 07:58:22,2024-05-30 19:08:32,OR04M5839,9
2024-05-30 07:54:45,2024-05-30 13:47:58,O005AR4159,9
2024-05-30 07:05:56,NULL,SAS18T1SVV,9
2024-05-30 06:48:35,NULL,OD01X6616,9
2024-05-30 06:44:45,2024-05-30 11:42:22,OD054R4159,9
2024-05-30 06:40:21,2024-05-30 14:39:58,OD05Y8167,9
2024-05-30 06:34:22,2024-05-30 16:04:47,OD05AR9125,9
2024-05-30 06:31:13,2024-05-30 21:57:25,OD05AR4159,9
2024-05-30 06:31:05,NULL,OD21C5103,9
2024-05-30 06:31:02,2024-05-30 11:42:00,OD21C5101,9
2024-05-30 06:30:00,NULL,OD21K1028,9
2024-05-30 06:28:43,2024-05-30 11:40:32,OD02BD895,9
2024-05-30 06:27:45,2024-05-30 11:37:19,OD02BD9958,9
2024-05-30 06:26:36,NULL,OD02H0013,9
2024-05-30 06:26:25,2024-05-30 13:07:19,OD04R5469,9
2024-05-30 06:25:36,NULL,OD02BD9959,9
2024-05-30 06:24:34,NULL,OD21K1027,9
2024-05-30 06:22:21,2024-05-30 10:58:00,OD02BD8955,9
2024-05-30 06:21:14,2024-05-30 11:13:40,OD15K2589,9
2024-05-30 06:20:52,2024-05-30 10:47:44,OD21K1029,9
2024-05-30 06:20:03,2024-05-30 10:39:31,OD21K1030,9
2024-05-30 06:19:22,NULL,JH21K1031,9
2024-05-30 06:18:40,2024-05-30 10:56:01,OD21K1031,9
2024-05-30 06:17:54,NULL,OD157K2914,9
2024-05-30 06:17:26,2024-05-30 10:30:31,OD15X0527,9
2024-05-30 06:15:49,2024-05-30 10:29:48,KA30A3138,9
2024-05-30 06:14:26,2024-05-30 14:29:55,OD05AZ7885,9
2024-05-30 06:12:59,2024-05-30 10:15:41,O021C9153,9
2024-05-30 06:11:04,2024-05-30 16:35:07,OD09P1717,9
2024-05-30 06:09:41,NULL,OD21D8811,9
2024-05-30 06:09:23,NULL,OD2108813,9
2024-05-30 06:09:11,2024-05-30 10:05:09,OD2AD8813,9
2024-05-30 06:08:52,NULL,OD21D8813,9
2024-05-30 06:07:49,2024-05-30 09:31:53,KA30A3091,9
2024-05-30 06:06:33,NULL,54344M844,9
2024-05-30 06:05:16,2024-05-30 18:02:03,OD05AL2544,9
2024-05-30 06:04:03,2024-05-30 14:10:19,OD04R4747,9
2024-05-30 05:35:13,2024-05-30 17:56:03,OD29L5984,9
2024-05-30 05:31:18,NULL,CG21J3188,9
2024-05-30 03:05:57,NULL,OD04R5409,9
2024-05-30 02:00:45,2024-05-30 05:54:43,OD04RD883,9
2024-05-30 01:57:48,NULL,OD05ARA159,9